node_id,name,categories,primary_category,is_vegetarian,is_vegan,original_count
1,abalone,Seafood,Seafood,False,False,1
2,abalone_mushroom,Pantry,Pantry,True,True,1
3,absinthe,Beverage,Beverage,True,True,1
4,acacia,Pantry,Pantry,True,True,1
5,acai,Fruit,Fruit,True,True,1
6,acerola,Pantry,Pantry,True,True,1
7,achiote_paste,Spice,Spice,True,True,1
8,acorn,Pantry,Pantry,True,True,1
9,acorn_squash,Vegetable,Vegetable,True,True,1
10,activated_charcoal_powder,Pantry,Pantry,True,True,1
11,adjika,Spice,Spice,True,True,1
12,adobo_sauce,Pantry,Pantry,True,True,1
13,adobo_seasoning,Spice,Spice,True,True,1
14,advocaat,Beverage,Beverage,True,True,1
15,agar,Pantry,Pantry,True,True,1
16,agati_flower,Pantry,Pantry,True,True,1
17,agave_syrup,Pantry,Pantry,True,True,1
18,aguardiente,Beverage,Beverage,True,True,1
19,aji_amarillo,Vegetable,Vegetable,True,True,1
20,aji_panca,Spice,Spice,True,True,1
21,ajvar,Pantry,Pantry,True,True,1
22,ajwain,Spice,Spice,True,True,1
23,alcaparrado,Pantry,Pantry,True,True,1
24,aleppo_pepper,Spice,Spice,True,True,1
25,alfalfa_sprout,Vegetable,Vegetable,True,True,1
26,alfredo_sauce,Pantry,Pantry,True,True,1
27,alligator,Pantry,Pantry,True,True,1
28,allspice,Spice,Spice,True,True,1
29,allulose,Sweet,Sweet,True,True,1
30,almond,Nut/Seed,Nut/Seed,True,True,1
31,almond_butter,Nut/Seed,Nut/Seed,True,True,1
32,almond_milk,Beverage,Beverage,True,True,1
33,almond_paste,Nut/Seed,Nut/Seed,True,True,1
34,almond_tofu,Pantry,Pantry,True,True,1
35,aloe_vera,Pantry,Pantry,True,True,1
36,alum,Pantry,Pantry,True,True,1
37,amaranth,Grain,Grain,True,True,1
38,amaretti_cookie,Sweet,Sweet,True,True,1
39,amaretto,Beverage,Beverage,True,True,1
40,amaro,Beverage,Beverage,True,True,1
41,amazake,Beverage,Beverage,True,True,1
42,amberjack,Fish,Fish,False,False,1
43,amchur,Spice,Spice,True,True,1
44,american_cheese,Dairy,Dairy,True,False,1
45,anaheim_chile,Pantry,Pantry,True,True,1
46,anardana_powder,Pantry,Pantry,True,True,1
47,ancho_chile,Pantry,Pantry,True,True,1
48,anchovy,Fish,Fish,False,False,1
49,andouille_sausage,Meat,Meat,False,False,1
50,angelica_root,Herb,Herb,True,True,1
51,anise,Spice,Spice,True,True,1
52,anisette,Beverage,Beverage,True,True,1
53,annatto_seed,Spice,Spice,True,True,1
54,aonori,Pantry,Pantry,True,True,1
55,apple,Fruit,Fruit,True,True,1
56,apple_brandy,Beverage,Beverage,True,True,1
57,apple_cider,Beverage,Beverage,True,True,1
58,apple_cider_vinegar,Pantry,Pantry,True,True,1
59,apple_pie_spice,Spice,Spice,True,True,1
60,applewood_chip,Pantry,Pantry,True,True,1
61,apricot,Fruit,Fruit,True,True,1
62,apricot_brandy,Beverage,Beverage,True,True,1
63,aquafaba,Legume,Legume,True,True,1
64,aquavit,Beverage,Beverage,True,True,1
65,arame,Seafood,Seafood,False,False,1
66,arctic_char,Fish,Fish,False,False,1
67,arepa,Grain,Grain,True,True,1
68,argan_oil,Fat/Oil,Fat/Oil,True,True,1
69,armagnac,Beverage,Beverage,True,True,1
70,aronia_berry,Fruit,Fruit,True,True,1
71,arrowhead,Vegetable,Vegetable,True,True,1
72,arrowroot,Vegetable,Vegetable,True,True,1
73,artichoke,Vegetable,Vegetable,True,True,1
74,arugula,Vegetable,Vegetable,True,True,1
75,asafoetida,Spice,Spice,True,True,1
76,asam_gelugur,Pantry,Pantry,True,True,1
77,ascorbic_acid,Pantry,Pantry,True,True,1
78,asiago_cheese,Dairy,Dairy,True,False,1
79,asian_pear,Fruit,Fruit,True,True,1
80,asparagus,Vegetable,Vegetable,True,True,1
81,astragalus_root,Herb,Herb,True,True,1
82,avocado,Fruit,Fruit,True,True,1
83,avocado_oil,Fat/Oil,Fat/Oil,True,True,1
84,ayran,Pantry,Pantry,True,True,1
85,bacon,Meat,Meat,False,False,1
86,bagel,Grain,Grain,True,True,1
87,baharat,Spice,Spice,True,True,1
88,bai_ji_mo,Grain,Grain,True,True,1
89,baijiu,Beverage,Beverage,True,True,1
90,bak_kut_teh_spice,Pantry,Pantry,True,True,1
91,baked_beans,Legume,Legume,True,True,1
92,bakers_ammonia,Pantry,Pantry,True,True,1
93,baking_powder,Pantry,Pantry,True,True,1
94,baking_soda,Pantry,Pantry,True,True,1
95,balado_seasoning,Pantry,Pantry,True,True,1
96,balsamic_vinegar,Pantry,Pantry,True,True,1
97,balut,Pantry,Pantry,True,True,1
98,balyk,Fish,Fish,False,False,1
99,bamboo_leaf,Herb,Herb,True,True,1
100,bamboo_pith_mushroom,Vegetable,Vegetable,True,True,1
101,bamboo_salt,Pantry,Pantry,True,True,1
102,bamboo_shoot,Vegetable,Vegetable,True,True,1
103,banana,Fruit,Fruit,True,True,1
104,banana_blossom,Vegetable,Vegetable,True,True,1
105,banana_leaf,Herb,Herb,True,True,1
106,banana_pepper,Vegetable,Vegetable,True,True,1
107,barbecue_sauce,Pantry,Pantry,True,True,1
108,barbecue_seasoning,Spice,Spice,True,True,1
109,barberry,Fruit,Fruit,True,True,1
110,barley,Grain,Grain,True,True,1
111,barley_grass,Vegetable,Vegetable,True,True,1
112,barramundi,Fish,Fish,False,False,1
113,basa,Fish,Fish,False,False,1
114,basil,Herb,Herb,True,True,1
115,basil_seed,Seed,Seed,True,True,1
116,basmati_rice,Grain,Grain,True,True,1
117,batang_fish,Fish,Fish,False,False,1
118,bay_leaf,Herb,Herb,True,True,1
119,bean,Legume,Legume,True,True,1
120,bean_sprout,Vegetable,Vegetable,True,True,1
121,bear_meat,Meat,Meat,False,False,1
122,bearnaise_sauce,Pantry,Pantry,True,True,1
123,bechamel,Pantry,Pantry,True,True,1
124,bee_pollen,Pantry,Pantry,True,True,1
125,beef,Meat,Meat,False,False,1
126,beer,Beverage,Beverage,True,True,1
127,beet,Vegetable,Vegetable,True,True,1
128,bel_paese_cheese,Dairy,Dairy,True,False,1
129,bell_pepper,Vegetable,Vegetable,True,True,1
130,bellflower_root,Vegetable,Vegetable,True,True,1
131,benedictine,Pantry,Pantry,True,True,1
132,berbere,Spice,Spice,True,True,1
133,bergamot,Fruit,Fruit,True,True,1
134,berry,Fruit,Fruit,True,True,1
135,bilimbi,Fruit,Fruit,True,True,1
136,birds_eye_chili,Spice,Spice,True,True,1
137,birds_nest,Pantry,Pantry,True,True,1
138,biryani_masala,Pantry,Pantry,True,True,1
139,biscotti,Grain,Grain,True,True,1
140,biscuit,Grain,Grain,True,True,1
141,bison,Meat,Meat,False,False,1
142,bitter_almond,Nut/Seed,Nut/Seed,True,True,1
143,bitter_green,Pantry,Pantry,True,True,1
144,bitter_melon,Vegetable,Vegetable,True,True,1
145,bitter_orange,Pantry,Pantry,True,True,1
146,bittern,Pantry,Pantry,True,True,1
147,bitters,Pantry,Pantry,True,True,1
148,black_bean,Legume,Legume,True,True,1
149,black_bean_paste,Pantry,Pantry,True,True,1
150,black_currant,Fruit,Fruit,True,True,1
151,black_eyed_pea,Legume,Legume,True,True,1
152,black_garlic,Vegetable,Vegetable,True,True,1
153,black_olive,Vegetable,Vegetable,True,True,1
154,black_pepper,Spice,Spice,True,True,1
155,black_rice,Grain,Grain,True,True,1
156,black_salt,Pantry,Pantry,True,True,1
157,black_sesame_seed,Nut/Seed,Nut/Seed,True,True,1
158,black_tea,Beverage,Beverage,True,True,1
159,black_treacle,Sweet,Sweet,True,True,1
160,black_truffle,Vegetable,Vegetable,True,True,1
161,black_vinegar,Pantry,Pantry,True,True,1
162,blackberry,Fruit,Fruit,True,True,1
163,blackening_seasoning,Spice,Spice,True,True,1
164,blood_orange,Fruit,Fruit,True,True,1
165,blood_sausage,Meat,Meat,False,False,1
166,blood_tofu,Meat,Meat,False,False,1
167,bloody_mary_mix,Beverage,Beverage,True,True,1
168,blue_cheese,Dairy,Dairy,True,False,1
169,blue_curacao,Beverage,Beverage,True,True,1
170,blueberry,Fruit,Fruit,True,True,1
171,bluefish,Fish,Fish,False,False,1
172,bok_choy,Vegetable,Vegetable,True,True,1
173,bolillo,Grain,Grain,True,True,1
174,bolognese_sauce,Pantry,Pantry,True,True,1
175,bombay_duck_fish,Pantry,Pantry,True,True,1
176,bone,Meat,Meat,False,False,1
177,bone_marrow,Meat,Meat,False,False,1
178,bonito,Fish,Fish,False,False,1
179,bonito_flakes,Pantry,Pantry,True,True,1
180,borage,Herb,Herb,True,True,1
181,borlotti_bean,Legume,Legume,True,True,1
182,bottarga,Fish,Fish,False,False,1
183,bottle_gourd,Vegetable,Vegetable,True,True,1
184,bouquet_garni,Herb,Herb,True,True,1
185,bourbon,Beverage,Beverage,True,True,1
186,boursin_cheese,Dairy,Dairy,True,False,1
187,boysenberry,Fruit,Fruit,True,True,1
188,braising_liquid,Pantry,Pantry,True,True,1
189,bran,Grain,Grain,True,True,1
190,brandy,Beverage,Beverage,True,True,1
191,branzino,Fish,Fish,False,False,1
192,bratwurst,Meat,Meat,False,False,1
193,braunschweiger,Meat,Meat,False,False,1
194,brazil_nut,Nut/Seed,Nut/Seed,True,True,1
195,bread,Grain,Grain,True,True,1
196,bread_crumbs,Pantry,Pantry,True,True,1
197,breadfruit,Fruit,Fruit,True,True,1
198,bream,Fish,Fish,False,False,1
199,bresaola,Meat,Meat,False,False,1
200,brewers_yeast,Pantry,Pantry,True,True,1
201,brick_cheese,Dairy,Dairy,True,False,1
202,brick_tea,Beverage,Beverage,True,True,1
203,brie_cheese,Dairy,Dairy,True,False,1
204,brine,Pantry,Pantry,True,True,1
205,brioche,Grain,Grain,True,True,1
206,broccoli,Vegetable,Vegetable,True,True,1
207,broccoli_rabe,Vegetable,Vegetable,True,True,1
208,broccolini,Vegetable,Vegetable,True,True,1
209,broth,Pantry,Pantry,True,True,1
210,brown_rice,Grain,Grain,True,True,1
211,brown_sauce,Pantry,Pantry,True,True,1
212,brown_sugar,Sweet,Sweet,True,True,1
213,browning_sauce,Pantry,Pantry,True,True,1
214,brussels_sprout,Vegetable,Vegetable,True,True,1
215,bryndza,Pantry,Pantry,True,True,1
216,buckwheat,Grain,Grain,True,True,1
217,budae_jjigae_base,Pantry,Pantry,True,True,1
218,buffalo_meat,Meat,Meat,False,False,1
219,buffalo_milk,Dairy,Dairy,True,False,1
220,buffalo_wing_sauce,Pantry,Pantry,True,True,1
221,buldak_sauce,Pantry,Pantry,True,True,1
222,bulgogi,Pantry,Pantry,True,True,1
223,bulgur,Grain,Grain,True,True,1
224,burdock_root,Vegetable,Vegetable,True,True,1
225,burrata,Dairy,Dairy,True,False,1
226,butifarra,Pantry,Pantry,True,True,1
227,butter,Dairy,Dairy,True,False,1
228,buttercream,Pantry,Pantry,True,True,1
229,butterfish,Fish,Fish,False,False,1
230,butterfly_pea_flower,Herb,Herb,True,True,1
231,buttermilk,Dairy,Dairy,True,False,1
232,butternut_squash,Vegetable,Vegetable,True,True,1
233,butterscotch,Sweet,Sweet,True,True,1
234,cabbage,Vegetable,Vegetable,True,True,1
235,cacao,Pantry,Pantry,True,True,1
236,cachaca,Beverage,Beverage,True,True,1
237,caciocavallo,Dairy,Dairy,True,False,1
238,caesar_dressing,Pantry,Pantry,True,True,1
239,cajeta,Dairy,Dairy,True,False,1
240,cajun_seasoning,Spice,Spice,True,True,1
241,calabrian_chili,Pantry,Pantry,True,True,1
242,calamansi,Fruit,Fruit,True,True,1
243,calcium_chloride,Pantry,Pantry,True,True,1
244,calendula,Pantry,Pantry,True,True,1
245,calpis,Pantry,Pantry,True,True,1
246,calvados,Beverage,Beverage,True,True,1
247,camellia_oil,Fat/Oil,Fat/Oil,True,True,1
248,camembert_cheese,Pantry,Pantry,True,True,1
249,campari,Beverage,Beverage,True,True,1
250,canadian_bacon,Meat,Meat,False,False,1
251,candied_fruit,Fruit,Fruit,True,True,1
252,candlenut,Nut/Seed,Nut/Seed,True,True,1
253,candy,Sweet,Sweet,True,True,1
254,candy_coating,Sweet,Sweet,True,True,1
255,cane_syrup,Sweet,Sweet,True,True,1
256,cane_vinegar,Pantry,Pantry,True,True,1
257,cannellini_bean,Legume,Legume,True,True,1
258,cannoli_shell,Grain,Grain,True,True,1
259,canola_oil,Fat/Oil,Fat/Oil,True,True,1
260,cantal_cheese,Dairy,Dairy,True,False,1
261,cantaloupe,Fruit,Fruit,True,True,1
262,cape_gooseberry,Fruit,Fruit,True,True,1
263,capelin,Fish,Fish,False,False,1
264,caper,Herb,Herb,True,True,1
265,caperberry,Herb,Herb,True,True,1
266,capicola,Meat,Meat,False,False,1
267,capon,Meat,Meat,False,False,1
268,caramel,Sweet,Sweet,True,True,1
269,caraway_seed,Spice,Spice,True,True,1
270,cardamom,Spice,Spice,True,True,1
271,cardoon,Vegetable,Vegetable,True,True,1
272,carob,Pantry,Pantry,True,True,1
273,carob_molasses,Pantry,Pantry,True,True,1
274,carp,Fish,Fish,False,False,1
275,carrageenan,Pantry,Pantry,True,True,1
276,carrot,Vegetable,Vegetable,True,True,1
277,carrot_top,Pantry,Pantry,True,True,1
278,cartilage,Meat,Meat,False,False,1
279,cascabel_chile,Pantry,Pantry,True,True,1
280,cashew,Nut/Seed,Nut/Seed,True,True,1
281,cassava,Vegetable,Vegetable,True,True,1
282,catfish,Fish,Fish,False,False,1
283,catnip,Herb,Herb,True,True,1
284,cattail,Pantry,Pantry,True,True,1
285,caul_fat,Meat,Meat,False,False,1
286,cauliflower,Vegetable,Vegetable,True,True,1
287,cava,Beverage,Beverage,True,True,1
288,caviar,Fish,Fish,False,False,1
289,cayenne_pepper,Spice,Spice,True,True,1
290,celeriac,Vegetable,Vegetable,True,True,1
291,celery,Vegetable,Vegetable,True,True,1
292,celery_seed,Spice,Spice,True,True,1
293,celtuce,Vegetable,Vegetable,True,True,1
294,century_egg,Dairy,Dairy,True,False,1
295,cereal,Grain,Grain,True,True,1
296,chaat_masala,Spice,Spice,True,True,1
297,chai_spice,Pantry,Pantry,True,True,1
298,chamomile,Herb,Herb,True,True,1
299,champagne,Beverage,Beverage,True,True,1
300,champagne_vinegar,Pantry,Pantry,True,True,1
301,chana_dal,Legume,Legume,True,True,1
302,chanterelle_mushroom,Vegetable,Vegetable,True,True,1
303,chaozhou_salted_vegetable,Pantry,Pantry,True,True,1
304,char_siu_pork,Pantry,Pantry,True,True,1
305,char_siu_sauce,Pantry,Pantry,True,True,1
306,chartreuse,Beverage,Beverage,True,True,1
307,chayote,Vegetable,Vegetable,True,True,1
308,cheddar_cheese,Dairy,Dairy,True,False,1
309,cheese,Dairy,Dairy,True,False,1
310,cheongyang_chili,Vegetable,Vegetable,True,True,1
311,cherry,Fruit,Fruit,True,True,1
312,cherry_blossom,Herb,Herb,True,True,1
313,cherry_leaf,Herb,Herb,True,True,1
314,cherry_liqueur,Beverage,Beverage,True,True,1
315,cherry_pepper,Vegetable,Vegetable,True,True,1
316,cherry_plum,Fruit,Fruit,True,True,1
317,chervil,Herb,Herb,True,True,1
318,cheshire_cheese,Pantry,Pantry,True,True,1
319,chestnut,Nut/Seed,Nut/Seed,True,True,1
320,chia_seed,Nut/Seed,Nut/Seed,True,True,1
321,chicha,Pantry,Pantry,True,True,1
322,chicken,Meat,Meat,False,False,1
323,chicken_broth,Pantry,Pantry,True,True,1
324,chicken_fat,Fat/Oil,Fat/Oil,True,True,1
325,chickpea,Legume,Legume,True,True,1
326,chicory,Vegetable,Vegetable,True,True,1
327,chihuahua_cheese,Dairy,Dairy,True,False,1
328,chikuwa,Fish,Fish,False,False,1
329,chile_de_arbol,Spice,Spice,True,True,1
330,chili_garlic_sauce,Pantry,Pantry,True,True,1
331,chili_oil,Fat/Oil,Fat/Oil,True,True,1
332,chili_paste,Pantry,Pantry,True,True,1
333,chili_pepper,Vegetable,Vegetable,True,True,1
334,chili_powder,Spice,Spice,True,True,1
335,chili_sauce,Pantry,Pantry,True,True,1
336,chiltepin,Pantry,Pantry,True,True,1
337,chinese_bayberry,Fruit,Fruit,True,True,1
338,chinese_broccoli,Vegetable,Vegetable,True,True,1
339,chinese_celery,Vegetable,Vegetable,True,True,1
340,chinese_cured_pork,Meat,Meat,False,False,1
341,chinese_preserved_olive,Pantry,Pantry,True,True,1
342,chinese_sausage,Meat,Meat,False,False,1
343,chinese_toon,Vegetable,Vegetable,True,True,1
344,chinese_yam,Vegetable,Vegetable,True,True,1
345,chipotle_pepper,Spice,Spice,True,True,1
346,chirimen_jako,Fish,Fish,False,False,1
347,chive,Herb,Herb,True,True,1
348,chive_flower,Herb,Herb,True,True,1
349,chocolate,Sweet,Sweet,True,True,1
350,chocolate_hazelnut_spread,Sweet,Sweet,True,True,1
351,chocolate_liqueur,Beverage,Beverage,True,True,1
352,chokecherry,Pantry,Pantry,True,True,1
353,choricero_pepper,Spice,Spice,True,True,1
354,chorizo,Meat,Meat,False,False,1
355,choux_pastry,Grain,Grain,True,True,1
356,choy_sum,Vegetable,Vegetable,True,True,1
357,chrysanthemum,Pantry,Pantry,True,True,1
358,chu_hou_paste,Pantry,Pantry,True,True,1
359,chunjang,Pantry,Pantry,True,True,1
360,chuno,Vegetable,Vegetable,True,True,1
361,chutney,Pantry,Pantry,True,True,1
362,ciabatta,Grain,Grain,True,True,1
363,cicada,Meat,Meat,False,False,1
364,cinnamon,Spice,Spice,True,True,1
365,cipollini_onion,Vegetable,Vegetable,True,True,1
366,citric_acid,Pantry,Pantry,True,True,1
367,citron,Fruit,Fruit,True,True,1
368,citrus,Pantry,Pantry,True,True,1
369,clam,Seafood,Seafood,False,False,1
370,clamato_juice,Beverage,Beverage,True,True,1
371,clay_pot_rice_sauce,Pantry,Pantry,True,True,1
372,clear_gel,Pantry,Pantry,True,True,1
373,clementine,Fruit,Fruit,True,True,1
374,clotted_cream,Dairy,Dairy,True,False,1
375,clove,Spice,Spice,True,True,1
376,clover,Pantry,Pantry,True,True,1
377,club_soda,Beverage,Beverage,True,True,1
378,cobia,Pantry,Pantry,True,True,1
379,cockle,Seafood,Seafood,False,False,1
380,cocktail_sauce,Pantry,Pantry,True,True,1
381,cocoa_butter,Pantry,Pantry,True,True,1
382,cocoa_mass,Pantry,Pantry,True,True,1
383,cocoa_powder,Pantry,Pantry,True,True,1
384,coconut,Fruit,Fruit,True,True,1
385,coconut_aminos,Pantry,Pantry,True,True,1
386,coconut_cream,Fruit,Fruit,True,True,1
387,coconut_liqueur,Beverage,Beverage,True,True,1
388,coconut_milk,Fruit,Fruit,True,True,1
389,coconut_oil,Fat/Oil,Fat/Oil,True,True,1
390,coconut_sugar,Sweet,Sweet,True,True,1
391,coconut_vinegar,Pantry,Pantry,True,True,1
392,coconut_water,Beverage,Beverage,True,True,1
393,cod,Fish,Fish,False,False,1
394,cod_liver,Fish,Fish,False,False,1
395,coffee,Beverage,Beverage,True,True,1
396,coffee_creamer,Dairy,Dairy,True,False,1
397,coffee_liqueur,Beverage,Beverage,True,True,1
398,cognac,Beverage,Beverage,True,True,1
399,coix_seed,Grain,Grain,True,True,1
400,cola,Beverage,Beverage,True,True,1
401,colby_cheese,Dairy,Dairy,True,False,1
402,cold_jelly_noodle,Pantry,Pantry,True,True,1
403,collard_green,Pantry,Pantry,True,True,1
404,comte_cheese,Dairy,Dairy,True,False,1
405,conch,Seafood,Seafood,False,False,1
406,condensed_milk,Dairy,Dairy,True,False,1
407,consomme,Pantry,Pantry,True,True,1
408,cookie,Sweet,Sweet,True,True,1
409,cookie_butter,Sweet,Sweet,True,True,1
410,cooking_spray,Fat/Oil,Fat/Oil,True,True,1
411,copha,Fat/Oil,Fat/Oil,True,True,1
412,cordyceps_flower,Herb,Herb,True,True,1
413,coriander,Herb,Herb,True,True,1
414,coriander_root,Herb,Herb,True,True,1
415,corn,Vegetable,Vegetable,True,True,1
416,corn_flakes,Grain,Grain,True,True,1
417,corn_husk,Vegetable,Vegetable,True,True,1
418,corn_oil,Fat/Oil,Fat/Oil,True,True,1
419,corn_relish,Pantry,Pantry,True,True,1
420,corn_silk,Herb,Herb,True,True,1
421,corn_syrup,Sweet,Sweet,True,True,1
422,corn_tortilla,Grain,Grain,True,True,1
423,cornbread,Grain,Grain,True,True,1
424,corned_beef,Meat,Meat,False,False,1
425,cornelian_cherry,Fruit,Fruit,True,True,1
426,cornmeal,Grain,Grain,True,True,1
427,cornstarch,Grain,Grain,True,True,1
428,corvina,Pantry,Pantry,True,True,1
429,cotija_cheese,Dairy,Dairy,True,False,1
430,cottage_cheese,Dairy,Dairy,True,False,1
431,cotton_candy,Sweet,Sweet,True,True,1
432,couscous,Grain,Grain,True,True,1
433,crab,Seafood,Seafood,False,False,1
434,crab_apple,Fruit,Fruit,True,True,1
435,crab_boil_seasoning,Spice,Spice,True,True,1
436,crab_claw_fish,Pantry,Pantry,True,True,1
437,crab_mushroom,Pantry,Pantry,True,True,1
438,crab_roe,Seafood,Seafood,False,False,1
439,crab_stick,Seafood,Seafood,False,False,1
440,cracker,Grain,Grain,True,True,1
441,cranberry,Fruit,Fruit,True,True,1
442,cranberry_liqueur,Beverage,Beverage,True,True,1
443,cranberry_sauce,Pantry,Pantry,True,True,1
444,crappie,Fish,Fish,False,False,1
445,crayfish,Seafood,Seafood,False,False,1
446,cream,Dairy,Dairy,True,False,1
447,cream_cheese,Dairy,Dairy,True,False,1
448,cream_liqueur,Beverage,Beverage,True,True,1
449,cream_of_celery_soup,Pantry,Pantry,True,True,1
450,cream_of_chicken_soup,Pantry,Pantry,True,True,1
451,cream_of_mushroom_soup,Pantry,Pantry,True,True,1
452,cream_of_rice,Grain,Grain,True,True,1
453,cream_of_tartar,Pantry,Pantry,True,True,1
454,cream_of_wheat,Grain,Grain,True,True,1
455,cream_soda,Beverage,Beverage,True,True,1
456,creme_anglaise,Dairy,Dairy,True,False,1
457,creme_de_cacao,Beverage,Beverage,True,True,1
458,creme_de_cassis,Beverage,Beverage,True,True,1
459,creme_de_menthe,Beverage,Beverage,True,True,1
460,creme_de_violette,Beverage,Beverage,True,True,1
461,creme_fraiche,Dairy,Dairy,True,False,1
462,creole_sauce,Pantry,Pantry,True,True,1
463,creole_seasoning,Spice,Spice,True,True,1
464,crepe,Grain,Grain,True,True,1
465,crescent_roll,Grain,Grain,True,True,1
466,crispbread,Grain,Grain,True,True,1
467,croissant,Grain,Grain,True,True,1
468,crosnes,Pantry,Pantry,True,True,1
469,crouton,Grain,Grain,True,True,1
470,crumb_crust,Pantry,Pantry,True,True,1
471,crumpet,Grain,Grain,True,True,1
472,cubanelle_pepper,Vegetable,Vegetable,True,True,1
473,cucumber,Vegetable,Vegetable,True,True,1
474,cudweed,Herb,Herb,True,True,1
475,culantro,Herb,Herb,True,True,1
476,cumin,Spice,Spice,True,True,1
477,curd,Dairy,Dairy,True,False,1
478,cured_chicken,Meat,Meat,False,False,1
479,cured_duck,Meat,Meat,False,False,1
480,cured_fish,Fish,Fish,False,False,1
481,curing_salt,Pantry,Pantry,True,True,1
482,curry,Pantry,Pantry,True,True,1
483,curry_leaf,Herb,Herb,True,True,1
484,curry_paste,Pantry,Pantry,True,True,1
485,curry_powder,Spice,Spice,True,True,1
486,custard,Sweet,Sweet,True,True,1
487,custard_powder,Pantry,Pantry,True,True,1
488,cynar,Beverage,Beverage,True,True,1
489,dace,Fish,Fish,False,False,1
490,daikon,Vegetable,Vegetable,True,True,1
491,damson,Pantry,Pantry,True,True,1
492,dandelion,Pantry,Pantry,True,True,1
493,dango,Pantry,Pantry,True,True,1
494,dark_soy_sauce,Pantry,Pantry,True,True,1
495,dashi,Pantry,Pantry,True,True,1
496,date,Fruit,Fruit,True,True,1
497,daylily_flower,Pantry,Pantry,True,True,1
498,deer_mushroom,Pantry,Pantry,True,True,1
499,demi_glace,Pantry,Pantry,True,True,1
500,denbu,Fish,Fish,False,False,1
501,dextrose,Sweet,Sweet,True,True,1
502,digestive_biscuit,Sweet,Sweet,True,True,1
503,dijonnaise,Pantry,Pantry,True,True,1
504,dill,Herb,Herb,True,True,1
505,doenjang,Pantry,Pantry,True,True,1
506,donburi_sauce,Pantry,Pantry,True,True,1
507,dong_leaf,Pantry,Pantry,True,True,1
508,donkey_meat,Meat,Meat,False,False,1
509,dory,Pantry,Pantry,True,True,1
510,doubanjiang,Pantry,Pantry,True,True,1
511,dough,Grain,Grain,True,True,1
512,dough_improver,Pantry,Pantry,True,True,1
513,doughnut,Grain,Grain,True,True,1
514,dragon_fruit,Fruit,Fruit,True,True,1
515,dragon_whisker_vegetable,Vegetable,Vegetable,True,True,1
516,drambuie,Beverage,Beverage,True,True,1
517,dried_ganba_mushroom,Pantry,Pantry,True,True,1
518,dried_lily_bud,Vegetable,Vegetable,True,True,1
519,dried_orchid_flower,Herb,Herb,True,True,1
520,dried_oyster,Seafood,Seafood,False,False,1
521,dried_scallop,Seafood,Seafood,False,False,1
522,dried_shrimp,Seafood,Seafood,False,False,1
523,dried_tangerine_peel,Spice,Spice,True,True,1
524,dried_tofu,Legume,Legume,True,True,1
525,dried_vegetable,Vegetable,Vegetable,True,True,1
526,dry_pot_sauce,Pantry,Pantry,True,True,1
527,dubonnet,Beverage,Beverage,True,True,1
528,duck,Meat,Meat,False,False,1
529,duck_egg,Dairy,Dairy,True,False,1
530,duck_fat,Fat/Oil,Fat/Oil,True,True,1
531,duck_sauce,Pantry,Pantry,True,True,1
532,duck_stock,Meat,Meat,False,False,1
533,dukkah,Spice,Spice,True,True,1
534,dulce_de_leche,Dairy,Dairy,True,False,1
535,dumpling,Grain,Grain,True,True,1
536,dumpling_wrapper,Grain,Grain,True,True,1
537,durian,Fruit,Fruit,True,True,1
538,earl_grey_tea,Beverage,Beverage,True,True,1
539,edam_cheese,Dairy,Dairy,True,False,1
540,edamame,Legume,Legume,True,True,1
541,edible_flower,Vegetable,Vegetable,True,True,1
542,edible_gold_leaf,Pantry,Pantry,True,True,1
543,eel,Fish,Fish,False,False,1
544,egg,Dairy,Dairy,True,False,1
545,egg_noodle,Grain,Grain,True,True,1
546,egg_roll,Grain,Grain,True,True,1
547,egg_roll_wrapper,Grain,Grain,True,True,1
548,egg_substitute,Dairy,Dairy,True,False,1
549,egg_tofu,Legume,Legume,True,True,1
550,egg_white,Dairy,Dairy,True,False,1
551,egg_yolk,Dairy,Dairy,True,False,1
552,eggnog,Dairy,Dairy,True,False,1
553,eggplant,Vegetable,Vegetable,True,True,1
554,einkorn,Pantry,Pantry,True,True,1
555,elderberry,Fruit,Fruit,True,True,1
556,elderflower,Herb,Herb,True,True,1
557,elderflower_liqueur,Beverage,Beverage,True,True,1
558,emmental_cheese,Dairy,Dairy,True,False,1
559,empanada_shell,Pantry,Pantry,True,True,1
560,enchilada_sauce,Pantry,Pantry,True,True,1
561,endive,Vegetable,Vegetable,True,True,1
562,english_muffin,Grain,Grain,True,True,1
563,enoki_mushroom,Vegetable,Vegetable,True,True,1
564,epazote,Herb,Herb,True,True,1
565,epiphyllum_flower,Pantry,Pantry,True,True,1
566,er_cai,Vegetable,Vegetable,True,True,1
567,erythritol,Sweet,Sweet,True,True,1
568,escarole,Vegetable,Vegetable,True,True,1
569,espelette_pepper,Spice,Spice,True,True,1
570,evaporated_milk,Dairy,Dairy,True,False,1
571,ezine_cheese,Pantry,Pantry,True,True,1
572,fajita_seasoning,Spice,Spice,True,True,1
573,falafel,Legume,Legume,True,True,1
574,falernum,Beverage,Beverage,True,True,1
575,farina,Grain,Grain,True,True,1
576,farmer_cheese,Pantry,Pantry,True,True,1
577,farro,Grain,Grain,True,True,1
578,fava_bean,Legume,Legume,True,True,1
579,feijoa,Fruit,Fruit,True,True,1
580,fennel,Vegetable,Vegetable,True,True,1
581,fennel_pollen,Spice,Spice,True,True,1
582,fennel_seed,Spice,Spice,True,True,1
583,fenugreek_leaf,Herb,Herb,True,True,1
584,fenugreek_seed,Spice,Spice,True,True,1
585,fermentation_starter_cake,Pantry,Pantry,True,True,1
586,fermented_black_bean,Legume,Legume,True,True,1
587,fermented_chive_flower_paste,Pantry,Pantry,True,True,1
588,fermented_fish,Pantry,Pantry,True,True,1
589,fermented_glutinous_rice,Grain,Grain,True,True,1
590,fermented_tofu,Legume,Legume,True,True,1
591,fermented_vegetable_brine,Pantry,Pantry,True,True,1
592,fern,Vegetable,Vegetable,True,True,1
593,feta_cheese,Dairy,Dairy,True,False,1
594,fiddlehead_fern,Vegetable,Vegetable,True,True,1
595,fideo,Pantry,Pantry,True,True,1
596,fig,Fruit,Fruit,True,True,1
597,file_powder,Spice,Spice,True,True,1
598,filefish,Fish,Fish,False,False,1
599,fines_herbes,Herb,Herb,True,True,1
600,fish,Fish,Fish,False,False,1
601,fish_ball,Fish,Fish,False,False,1
602,fish_cake,Fish,Fish,False,False,1
603,fish_floss,Fish,Fish,False,False,1
604,fish_maw,Fish,Fish,False,False,1
605,fish_mint,Herb,Herb,True,True,1
606,fish_noodle,Fish,Fish,False,False,1
607,fish_oil,Fat/Oil,Fat/Oil,True,True,1
608,fish_paste,Fish,Fish,False,False,1
609,fish_roe,Fish,Fish,False,False,1
610,fish_sauce,Pantry,Pantry,True,True,1
611,fish_sausage,Fish,Fish,False,False,1
612,fish_skin,Fish,Fish,False,False,1
613,fish_stock,Pantry,Pantry,True,True,1
614,fish_tofu,Fish,Fish,False,False,1
615,five_grain_powder,Grain,Grain,True,True,1
616,five_spice_powder,Spice,Spice,True,True,1
617,five_willow_vegetable,Pantry,Pantry,True,True,1
618,flageolet_bean,Legume,Legume,True,True,1
619,flatbread,Grain,Grain,True,True,1
620,flattened_young_rice,Pantry,Pantry,True,True,1
621,flaxseed,Nut/Seed,Nut/Seed,True,True,1
622,flaxseed_oil,Fat/Oil,Fat/Oil,True,True,1
623,flounder,Fish,Fish,False,False,1
624,flour,Grain,Grain,True,True,1
625,flour_tortilla,Grain,Grain,True,True,1
626,foie_gras,Meat,Meat,False,False,1
627,fondant,Sweet,Sweet,True,True,1
628,fontina_cheese,Dairy,Dairy,True,False,1
629,food_coloring,Pantry,Pantry,True,True,1
630,fox_nut,Nut/Seed,Nut/Seed,True,True,1
631,frangipane,Sweet,Sweet,True,True,1
632,freekeh,Grain,Grain,True,True,1
633,french_dressing,Pantry,Pantry,True,True,1
634,fresno_pepper,Vegetable,Vegetable,True,True,1
635,fried_bread,Grain,Grain,True,True,1
636,fried_dough_twist,Grain,Grain,True,True,1
637,fried_gluten_ball,Legume,Legume,True,True,1
638,fried_puffed_cracker,Pantry,Pantry,True,True,1
639,fried_tofu_puff,Pantry,Pantry,True,True,1
640,frisee,Vegetable,Vegetable,True,True,1
641,frog_leg,Pantry,Pantry,True,True,1
642,fromage_blanc,Dairy,Dairy,True,False,1
643,frosting,Sweet,Sweet,True,True,1
644,frozen_yogurt,Dairy,Dairy,True,False,1
645,fructose,Sweet,Sweet,True,True,1
646,fruit,Fruit,Fruit,True,True,1
647,fruit_cocktail,Fruit,Fruit,True,True,1
648,fruit_juice,Beverage,Beverage,True,True,1
649,fruit_preserves,Pantry,Pantry,True,True,1
650,fruit_puree,Fruit,Fruit,True,True,1
651,fruit_tea,Beverage,Beverage,True,True,1
652,fruit_vinegar,Pantry,Pantry,True,True,1
653,fruitcake,Sweet,Sweet,True,True,1
654,fry_sauce,Pantry,Pantry,True,True,1
655,fudge,Pantry,Pantry,True,True,1
656,furikake,Spice,Spice,True,True,1
657,fuzzy_melon,Vegetable,Vegetable,True,True,1
658,gac_fruit,Pantry,Pantry,True,True,1
659,galangal,Spice,Spice,True,True,1
660,galette,Grain,Grain,True,True,1
661,galliano,Beverage,Beverage,True,True,1
662,game_meat,Meat,Meat,False,False,1
663,game_stock,Pantry,Pantry,True,True,1
664,gammon,Meat,Meat,False,False,1
665,ganache,Sweet,Sweet,True,True,1
666,garam_masala,Spice,Spice,True,True,1
667,gardenia_flower,Herb,Herb,True,True,1
668,gardenia_fruit,Pantry,Pantry,True,True,1
669,garland_chrysanthemum,Pantry,Pantry,True,True,1
670,garlic,Vegetable,Vegetable,True,True,1
671,garlic_chive,Vegetable,Vegetable,True,True,1
672,garlic_scape,Vegetable,Vegetable,True,True,1
673,gelatin,Pantry,Pantry,True,True,1
674,geoduck,Seafood,Seafood,False,False,1
675,geranium,Pantry,Pantry,True,True,1
676,ghee,Fat/Oil,Fat/Oil,True,True,1
677,ghost_pepper,Spice,Spice,True,True,1
678,giardiniera,Vegetable,Vegetable,True,True,1
679,gin,Beverage,Beverage,True,True,1
680,ginger,Spice,Spice,True,True,1
681,ginger_ale,Beverage,Beverage,True,True,1
682,ginger_beer,Beverage,Beverage,True,True,1
683,ginger_liqueur,Beverage,Beverage,True,True,1
684,ginger_wine,Beverage,Beverage,True,True,1
685,gingerbread,Pantry,Pantry,True,True,1
686,gingerbread_spice,Spice,Spice,True,True,1
687,gingersnap,Pantry,Pantry,True,True,1
688,ginkgo_nut,Nut/Seed,Nut/Seed,True,True,1
689,glass_noodle,Grain,Grain,True,True,1
690,gloucester_cheese,Dairy,Dairy,True,False,1
691,glucose_syrup,Sweet,Sweet,True,True,1
692,gluten_free_flour,Grain,Grain,True,True,1
693,glutinous_rice,Grain,Grain,True,True,1
694,glutinous_rice_flour,Grain,Grain,True,True,1
695,glycerin,Pantry,Pantry,True,True,1
696,gnocchi,Grain,Grain,True,True,1
697,goat,Meat,Meat,False,False,1
698,goat_cheese,Dairy,Dairy,True,False,1
699,goat_milk,Dairy,Dairy,True,False,1
700,gochugaru,Spice,Spice,True,True,1
701,gochujang,Pantry,Pantry,True,True,1
702,goda_masala,Spice,Spice,True,True,1
703,goji_berry,Fruit,Fruit,True,True,1
704,golden_ear_mushroom,Vegetable,Vegetable,True,True,1
705,golden_syrup,Sweet,Sweet,True,True,1
706,goldschlager,Beverage,Beverage,True,True,1
707,goose,Meat,Meat,False,False,1
708,goose_egg,Dairy,Dairy,True,False,1
709,goose_fat,Fat/Oil,Fat/Oil,True,True,1
710,gooseberry,Fruit,Fruit,True,True,1
711,gorgonzola_cheese,Dairy,Dairy,True,False,1
712,gouda_cheese,Dairy,Dairy,True,False,1
713,gourami,Fish,Fish,False,False,1
714,graham_cracker,Pantry,Pantry,True,True,1
715,graham_flour,Grain,Grain,True,True,1
716,grains_of_paradise,Spice,Spice,True,True,1
717,grana_padano,Dairy,Dairy,True,False,1
718,grand_marnier,Beverage,Beverage,True,True,1
719,grape,Fruit,Fruit,True,True,1
720,grape_leaf,Vegetable,Vegetable,True,True,1
721,grape_must,Fruit,Fruit,True,True,1
722,grapefruit,Fruit,Fruit,True,True,1
723,grapeseed_oil,Fat/Oil,Fat/Oil,True,True,1
724,grappa,Beverage,Beverage,True,True,1
725,grass_jelly,Sweet,Sweet,True,True,1
726,grasshopper,Meat,Meat,False,False,1
727,gravy,Pantry,Pantry,True,True,1
728,greek_seasoning,Spice,Spice,True,True,1
729,green_bean,Vegetable,Vegetable,True,True,1
730,green_chili,Vegetable,Vegetable,True,True,1
731,green_curry_paste,Pantry,Pantry,True,True,1
732,green_fish,Pantry,Pantry,True,True,1
733,green_olive,Fruit,Fruit,True,True,1
734,green_peppercorn,Spice,Spice,True,True,1
735,green_sichuan_peppercorn,Spice,Spice,True,True,1
736,green_tea,Beverage,Beverage,True,True,1
737,green_tomato,Vegetable,Vegetable,True,True,1
738,gremolata,Herb,Herb,True,True,1
739,grenadine,Sweet,Sweet,True,True,1
740,grissini,Grain,Grain,True,True,1
741,grits,Grain,Grain,True,True,1
742,ground_ivy,Herb,Herb,True,True,1
743,grouper,Fish,Fish,False,False,1
744,grouse,Pantry,Pantry,True,True,1
745,gruyere_cheese,Dairy,Dairy,True,False,1
746,guacamole,Pantry,Pantry,True,True,1
747,guajillo_chile,Spice,Spice,True,True,1
748,guar_gum,Pantry,Pantry,True,True,1
749,guascas,Herb,Herb,True,True,1
750,guava,Fruit,Fruit,True,True,1
751,guava_paste,Sweet,Sweet,True,True,1
752,guinea_hen,Pantry,Pantry,True,True,1
753,guizhou_sour_soup,Pantry,Pantry,True,True,1
754,gulai_seasoning,Pantry,Pantry,True,True,1
755,gulas,Pantry,Pantry,True,True,1
756,gullac,Pantry,Pantry,True,True,1
757,gum_paste,Sweet,Sweet,True,True,1
758,gypsum,Pantry,Pantry,True,True,1
759,habanero_pepper,Vegetable,Vegetable,True,True,1
760,haddock,Fish,Fish,False,False,1
761,hair_vegetable,Vegetable,Vegetable,True,True,1
762,hairtail,Fish,Fish,False,False,1
763,hake,Fish,Fish,False,False,1
764,halibut,Fish,Fish,False,False,1
765,halloumi,Dairy,Dairy,True,False,1
766,halva,Sweet,Sweet,True,True,1
767,ham,Meat,Meat,False,False,1
768,hanpen,Fish,Fish,False,False,1
769,hard_cider,Beverage,Beverage,True,True,1
770,harissa,Spice,Spice,True,True,1
771,hatch_chile,Vegetable,Vegetable,True,True,1
772,havarti_cheese,Dairy,Dairy,True,False,1
773,hawthorn,Fruit,Fruit,True,True,1
774,hazelnut,Nut/Seed,Nut/Seed,True,True,1
775,hazelnut_liqueur,Beverage,Beverage,True,True,1
776,hazelnut_oil,Fat/Oil,Fat/Oil,True,True,1
777,hearts_of_palm,Vegetable,Vegetable,True,True,1
778,hemp_oil,Fat/Oil,Fat/Oil,True,True,1
779,hemp_seed,Nut/Seed,Nut/Seed,True,True,1
780,herb,Herb,Herb,True,True,1
781,herbal_tea,Beverage,Beverage,True,True,1
782,herbes_de_provence,Herb,Herb,True,True,1
783,herbsaint,Beverage,Beverage,True,True,1
784,herring,Fish,Fish,False,False,1
785,hibiscus,Beverage,Beverage,True,True,1
786,hickory_nut,Nut/Seed,Nut/Seed,True,True,1
787,hijiki,Seafood,Seafood,False,False,1
788,hog_plum,Pantry,Pantry,True,True,1
789,hogao,Pantry,Pantry,True,True,1
790,hoisin_sauce,Pantry,Pantry,True,True,1
791,hokkien_noodle,Grain,Grain,True,True,1
792,hollandaise_sauce,Pantry,Pantry,True,True,1
793,hominy,Grain,Grain,True,True,1
794,honey,Sweet,Sweet,True,True,1
795,honey_citron_tea,Pantry,Pantry,True,True,1
796,honey_mushroom,Vegetable,Vegetable,True,True,1
797,honey_mustard,Pantry,Pantry,True,True,1
798,honeycomb,Sweet,Sweet,True,True,1
799,honeydew_melon,Fruit,Fruit,True,True,1
800,honeysuckle_flower,Herb,Herb,True,True,1
801,hop,Pantry,Pantry,True,True,1
802,horse_gram,Legume,Legume,True,True,1
803,horse_head_fish,Fish,Fish,False,False,1
804,horse_mackerel,Fish,Fish,False,False,1
805,horse_meat,Pantry,Pantry,True,True,1
806,horseradish,Spice,Spice,True,True,1
807,hot_and_sour_sauce,Pantry,Pantry,True,True,1
808,hot_dog,Meat,Meat,False,False,1
809,hot_pot_base,Pantry,Pantry,True,True,1
810,hot_sauce,Pantry,Pantry,True,True,1
811,hpnotiq,Beverage,Beverage,True,True,1
812,huacatay,Herb,Herb,True,True,1
813,huckleberry,Fruit,Fruit,True,True,1
814,huitlacoche,Vegetable,Vegetable,True,True,1
815,hummus,Legume,Legume,True,True,1
816,hunan_chopped_chili,Spice,Spice,True,True,1
817,hyacinth_bean,Legume,Legume,True,True,1
818,iberico_ham,Meat,Meat,False,False,1
819,ice,Beverage,Beverage,True,True,1
820,ice_cream,Dairy,Dairy,True,False,1
821,ice_cream_cone,Grain,Grain,True,True,1
822,ice_jelly,Sweet,Sweet,True,True,1
823,ice_plant,Vegetable,Vegetable,True,True,1
824,idli,Pantry,Pantry,True,True,1
825,indian_gooseberry,Pantry,Pantry,True,True,1
826,inulin,Pantry,Pantry,True,True,1
827,irish_cream,Pantry,Pantry,True,True,1
828,isomalt,Sweet,Sweet,True,True,1
829,isot_pepper,Pantry,Pantry,True,True,1
830,italian_dressing,Pantry,Pantry,True,True,1
831,italian_sausage,Meat,Meat,False,False,1
832,italian_seasoning,Spice,Spice,True,True,1
833,jackfruit,Fruit,Fruit,True,True,1
834,jackfruit_seed,Nut/Seed,Nut/Seed,True,True,1
835,jagermeister,Beverage,Beverage,True,True,1
836,jaggery,Sweet,Sweet,True,True,1
837,jalapeno,Vegetable,Vegetable,True,True,1
838,jam,Sweet,Sweet,True,True,1
839,jarlsberg_cheese,Dairy,Dairy,True,False,1
840,jasmine_flower,Herb,Herb,True,True,1
841,jasmine_tea,Beverage,Beverage,True,True,1
842,jellyfish,Seafood,Seafood,False,False,1
843,jerk_seasoning,Spice,Spice,True,True,1
844,jerusalem_artichoke,Vegetable,Vegetable,True,True,1
845,jicama,Vegetable,Vegetable,True,True,1
846,jinhua_ham,Meat,Meat,False,False,1
847,jobs_tears,Grain,Grain,True,True,1
848,juniper_berry,Spice,Spice,True,True,1
849,junket,Pantry,Pantry,True,True,1
850,kabanos,Pantry,Pantry,True,True,1
851,kadaifi,Pantry,Pantry,True,True,1
852,kaffir_lime,Fruit,Fruit,True,True,1
853,kaffir_lime_leaf,Herb,Herb,True,True,1
854,kale,Vegetable,Vegetable,True,True,1
855,kangaroo,Pantry,Pantry,True,True,1
856,kapok_flower,Vegetable,Vegetable,True,True,1
857,kashkaval_cheese,Dairy,Dairy,True,False,1
858,kashmiri_chili,Spice,Spice,True,True,1
859,kasseri_cheese,Dairy,Dairy,True,False,1
860,kaya,Pantry,Pantry,True,True,1
861,kaymak,Pantry,Pantry,True,True,1
862,kefalotyri,Pantry,Pantry,True,True,1
863,kefir,Dairy,Dairy,True,False,1
864,kelp,Seafood,Seafood,False,False,1
865,kencur,Spice,Spice,True,True,1
866,ketchup,Pantry,Pantry,True,True,1
867,khmeli_suneli,Spice,Spice,True,True,1
868,khoya,Dairy,Dairy,True,False,1
869,kidney,Meat,Meat,False,False,1
870,kidney_bean,Legume,Legume,True,True,1
871,kielbasa,Meat,Meat,False,False,1
872,kimchi,Vegetable,Vegetable,True,True,1
873,kinako,Legume,Legume,True,True,1
874,king_oyster_mushroom,Vegetable,Vegetable,True,True,1
875,kirschwasser,Pantry,Pantry,True,True,1
876,kissel,Sweet,Sweet,True,True,1
877,kiwi,Fruit,Fruit,True,True,1
878,kluwek,Nut/Seed,Nut/Seed,True,True,1
879,kohlrabi,Vegetable,Vegetable,True,True,1
880,koji,Pantry,Pantry,True,True,1
881,kokum,Fruit,Fruit,True,True,1
882,komatsuna,Vegetable,Vegetable,True,True,1
883,kombu,Seafood,Seafood,False,False,1
884,kombucha,Beverage,Beverage,True,True,1
885,konjac,Vegetable,Vegetable,True,True,1
886,korean_bbq_sauce,Pantry,Pantry,True,True,1
887,korean_rice_wine,Pantry,Pantry,True,True,1
888,krill,Seafood,Seafood,False,False,1
889,kudzu_root,Vegetable,Vegetable,True,True,1
890,kumquat,Fruit,Fruit,True,True,1
891,kvass,Beverage,Beverage,True,True,1
892,la_cam_leaf,Pantry,Pantry,True,True,1
893,la_giang_leaf,Pantry,Pantry,True,True,1
894,labneh,Dairy,Dairy,True,False,1
895,lacon,Meat,Meat,False,False,1
896,ladyfinger,Sweet,Sweet,True,True,1
897,laksa_paste,Pantry,Pantry,True,True,1
898,lamb,Meat,Meat,False,False,1
899,lambs_quarters,Vegetable,Vegetable,True,True,1
900,langoustine,Seafood,Seafood,False,False,1
901,lard,Fat/Oil,Fat/Oil,True,True,1
902,lavender,Herb,Herb,True,True,1
903,lecithin,Fat/Oil,Fat/Oil,True,True,1
904,leek,Vegetable,Vegetable,True,True,1
905,lemon,Fruit,Fruit,True,True,1
906,lemon_balm,Herb,Herb,True,True,1
907,lemon_leaf,Herb,Herb,True,True,1
908,lemon_pepper,Spice,Spice,True,True,1
909,lemon_verbena,Herb,Herb,True,True,1
910,lemongrass,Herb,Herb,True,True,1
911,lentil,Legume,Legume,True,True,1
912,lettuce,Vegetable,Vegetable,True,True,1
913,liangpi,Pantry,Pantry,True,True,1
914,licorice_root,Herb,Herb,True,True,1
915,light_soy_sauce,Pantry,Pantry,True,True,1
916,lillet,Beverage,Beverage,True,True,1
917,lily_bulb,Vegetable,Vegetable,True,True,1
918,lima_bean,Legume,Legume,True,True,1
919,lime,Fruit,Fruit,True,True,1
920,limewater,Pantry,Pantry,True,True,1
921,limoncello,Beverage,Beverage,True,True,1
922,lingonberry,Fruit,Fruit,True,True,1
923,linguica,Meat,Meat,False,False,1
924,lions_mane_mushroom,Vegetable,Vegetable,True,True,1
925,liqueur,Beverage,Beverage,True,True,1
926,liquid_smoke,Pantry,Pantry,True,True,1
927,liquor,Beverage,Beverage,True,True,1
928,litsea_cubeba,Spice,Spice,True,True,1
929,liver,Meat,Meat,False,False,1
930,loach,Fish,Fish,False,False,1
931,lobster,Seafood,Seafood,False,False,1
932,loganberry,Fruit,Fruit,True,True,1
933,long_pepper,Spice,Spice,True,True,1
934,longan,Fruit,Fruit,True,True,1
935,longaniza,Meat,Meat,False,False,1
936,loquat,Fruit,Fruit,True,True,1
937,loquat_leaf,Herb,Herb,True,True,1
938,lotus_flower,Herb,Herb,True,True,1
939,lotus_leaf,Herb,Herb,True,True,1
940,lotus_root,Vegetable,Vegetable,True,True,1
941,lotus_seed,Nut/Seed,Nut/Seed,True,True,1
942,lovage,Herb,Herb,True,True,1
943,lucuma,Pantry,Pantry,True,True,1
944,luffa,Vegetable,Vegetable,True,True,1
945,luncheon_meat,Meat,Meat,False,False,1
946,lychee,Fruit,Fruit,True,True,1
947,lye_water,Pantry,Pantry,True,True,1
948,mac_khen,Pantry,Pantry,True,True,1
949,mac_mat_fruit,Pantry,Pantry,True,True,1
950,maca,Pantry,Pantry,True,True,1
951,macadamia_nut,Nut/Seed,Nut/Seed,True,True,1
952,mace,Spice,Spice,True,True,1
953,mache,Vegetable,Vegetable,True,True,1
954,mackerel,Fish,Fish,False,False,1
955,madeira_wine,Beverage,Beverage,True,True,1
956,maggi_seasoning,Pantry,Pantry,True,True,1
957,mahi_mahi,Fish,Fish,False,False,1
958,mahleb,Pantry,Pantry,True,True,1
959,maitake_mushroom,Vegetable,Vegetable,True,True,1
960,mala_sauce,Pantry,Pantry,True,True,1
961,malabar_spinach,Vegetable,Vegetable,True,True,1
962,malanga,Vegetable,Vegetable,True,True,1
963,mallow,Pantry,Pantry,True,True,1
964,malt,Grain,Grain,True,True,1
965,malt_vinegar,Pantry,Pantry,True,True,1
966,maltose,Sweet,Sweet,True,True,1
967,manchego_cheese,Dairy,Dairy,True,False,1
968,mandarin_fish,Fish,Fish,False,False,1
969,mango,Fruit,Fruit,True,True,1
970,mangosteen,Fruit,Fruit,True,True,1
971,mantis_shrimp,Seafood,Seafood,False,False,1
972,maple_syrup,Sweet,Sweet,True,True,1
973,mapo_tofu_sauce,Pantry,Pantry,True,True,1
974,maraschino_cherry,Fruit,Fruit,True,True,1
975,maraschino_liqueur,Beverage,Beverage,True,True,1
976,margarine,Fat/Oil,Fat/Oil,True,True,1
977,marinara_sauce,Pantry,Pantry,True,True,1
978,marjoram,Herb,Herb,True,True,1
979,marlin,Pantry,Pantry,True,True,1
980,marmite,Pantry,Pantry,True,True,1
981,marsala_wine,Beverage,Beverage,True,True,1
982,marshmallow,Sweet,Sweet,True,True,1
983,marzipan,Sweet,Sweet,True,True,1
984,masa_harina,Grain,Grain,True,True,1
985,mascarpone_cheese,Dairy,Dairy,True,False,1
986,masoor_dal,Legume,Legume,True,True,1
987,mastic,Spice,Spice,True,True,1
988,matambre,Meat,Meat,False,False,1
989,matcha_powder,Pantry,Pantry,True,True,1
990,matsoni,Dairy,Dairy,True,False,1
991,matsutake_mushroom,Vegetable,Vegetable,True,True,1
992,matzo,Grain,Grain,True,True,1
993,mayonnaise,Fat/Oil,Fat/Oil,True,True,1
994,mead,Beverage,Beverage,True,True,1
995,meat,Meat,Meat,False,False,1
996,meat_extract,Pantry,Pantry,True,True,1
997,meat_floss,Meat,Meat,False,False,1
998,meat_stock,Pantry,Pantry,True,True,1
999,meat_tenderizer,Pantry,Pantry,True,True,1
1000,mei_kuei_lu_wine,Pantry,Pantry,True,True,1
1001,melinjo,Pantry,Pantry,True,True,1
1002,melon,Fruit,Fruit,True,True,1
1003,melon_liqueur,Beverage,Beverage,True,True,1
1004,melon_seed,Nut/Seed,Nut/Seed,True,True,1
1005,mentaiko,Fish,Fish,False,False,1
1006,mentsuyu,Pantry,Pantry,True,True,1
1007,merguez,Pantry,Pantry,True,True,1
1008,meringue,Sweet,Sweet,True,True,1
1009,mesquite,Pantry,Pantry,True,True,1
1010,metaxa,Beverage,Beverage,True,True,1
1011,mettwurst,Meat,Meat,False,False,1
1012,mezcal,Beverage,Beverage,True,True,1
1013,microgreen,Vegetable,Vegetable,True,True,1
1014,miiuy_croaker,Fish,Fish,False,False,1
1015,milk,Dairy,Dairy,True,False,1
1016,milk_bread,Grain,Grain,True,True,1
1017,milk_chocolate,Sweet,Sweet,True,True,1
1018,milk_tea,Beverage,Beverage,True,True,1
1019,milk_tofu,Dairy,Dairy,True,False,1
1020,milkfish,Fish,Fish,False,False,1
1021,millet,Grain,Grain,True,True,1
1022,milo,Grain,Grain,True,True,1
1023,milt,Pantry,Pantry,True,True,1
1024,mincemeat,Sweet,Sweet,True,True,1
1025,mint,Herb,Herb,True,True,1
1026,mirasol_chile,Pantry,Pantry,True,True,1
1027,mirepoix,Vegetable,Vegetable,True,True,1
1028,mirin,Pantry,Pantry,True,True,1
1029,miso,Legume,Legume,True,True,1
1030,mitsuba,Herb,Herb,True,True,1
1031,mixed_grains,Grain,Grain,True,True,1
1032,mixed_herbs,Herb,Herb,True,True,1
1033,mixed_seeds,Nut/Seed,Nut/Seed,True,True,1
1034,mixed_sprouts,Pantry,Pantry,True,True,1
1035,mixed_vegetable,Vegetable,Vegetable,True,True,1
1036,mizuame,Sweet,Sweet,True,True,1
1037,mizuna,Vegetable,Vegetable,True,True,1
1038,mocha,Beverage,Beverage,True,True,1
1039,mochi,Grain,Grain,True,True,1
1040,mojo,Pantry,Pantry,True,True,1
1041,molasses,Sweet,Sweet,True,True,1
1042,mole,Pantry,Pantry,True,True,1
1043,monk_fruit,Fruit,Fruit,True,True,1
1044,monkfish,Fish,Fish,False,False,1
1045,montasio_cheese,Dairy,Dairy,True,False,1
1046,monterey_jack_cheese,Dairy,Dairy,True,False,1
1047,montreal_steak_seasoning,Spice,Spice,True,True,1
1048,mopping_sauce,Pantry,Pantry,True,True,1
1049,morel_mushroom,Vegetable,Vegetable,True,True,1
1050,moringa,Pantry,Pantry,True,True,1
1051,mortadella,Meat,Meat,False,False,1
1052,moscatel_wine,Pantry,Pantry,True,True,1
1053,mountain_pepper,Pantry,Pantry,True,True,1
1054,mozzarella_cheese,Dairy,Dairy,True,False,1
1055,msg,Pantry,Pantry,True,True,1
1056,mudfish,Fish,Fish,False,False,1
1057,mudskipper,Fish,Fish,False,False,1
1058,muenster_cheese,Dairy,Dairy,True,False,1
1059,muffin,Grain,Grain,True,True,1
1060,mugwort,Herb,Herb,True,True,1
1061,mulato_chile,Spice,Spice,True,True,1
1062,mulberry,Fruit,Fruit,True,True,1
1063,mulberry_leaf,Herb,Herb,True,True,1
1064,mullet,Fish,Fish,False,False,1
1065,mulling_spice,Spice,Spice,True,True,1
1066,mung_bean,Legume,Legume,True,True,1
1067,mung_bean_jelly,Legume,Legume,True,True,1
1068,mung_bean_paste,Legume,Legume,True,True,1
1069,mung_bean_starch,Pantry,Pantry,True,True,1
1070,muscovado_sugar,Sweet,Sweet,True,True,1
1071,mushroom,Vegetable,Vegetable,True,True,1
1072,mushroom_soy_sauce,Pantry,Pantry,True,True,1
1073,mushroom_stock,Pantry,Pantry,True,True,1
1074,mussel,Seafood,Seafood,False,False,1
1075,mustard,Pantry,Pantry,True,True,1
1076,mustard_green,Vegetable,Vegetable,True,True,1
1077,mustard_oil,Fat/Oil,Fat/Oil,True,True,1
1078,mustard_root,Vegetable,Vegetable,True,True,1
1079,mustard_seed,Spice,Spice,True,True,1
1080,mutton,Meat,Meat,False,False,1
1081,myoga,Vegetable,Vegetable,True,True,1
1082,myzithra_cheese,Pantry,Pantry,True,True,1
1083,naan,Grain,Grain,True,True,1
1084,nameko_mushroom,Vegetable,Vegetable,True,True,1
1085,nanohana,Vegetable,Vegetable,True,True,1
1086,napa_cabbage,Vegetable,Vegetable,True,True,1
1087,narsharab,Pantry,Pantry,True,True,1
1088,nasturtium,Herb,Herb,True,True,1
1089,natto,Legume,Legume,True,True,1
1090,navy_bean,Legume,Legume,True,True,1
1091,nduja,Meat,Meat,False,False,1
1092,nectar,Beverage,Beverage,True,True,1
1093,nectarine,Fruit,Fruit,True,True,1
1094,needlefish,Pantry,Pantry,True,True,1
1095,nerikiri,Sweet,Sweet,True,True,1
1096,nettle,Herb,Herb,True,True,1
1097,neufchatel_cheese,Dairy,Dairy,True,False,1
1098,new_mexico_chile,Vegetable,Vegetable,True,True,1
1099,nigari,Pantry,Pantry,True,True,1
1100,nigella_seed,Spice,Spice,True,True,1
1101,noodle,Grain,Grain,True,True,1
1102,nopal,Vegetable,Vegetable,True,True,1
1103,nora_chile,Pantry,Pantry,True,True,1
1104,nori,Seafood,Seafood,False,False,1
1105,nougat,Sweet,Sweet,True,True,1
1106,nut,Nut/Seed,Nut/Seed,True,True,1
1107,nut_butter,Nut/Seed,Nut/Seed,True,True,1
1108,nut_oil,Fat/Oil,Fat/Oil,True,True,1
1109,nutmeg,Spice,Spice,True,True,1
1110,nutritional_yeast,Pantry,Pantry,True,True,1
1111,oat,Grain,Grain,True,True,1
1112,oat_milk,Beverage,Beverage,True,True,1
1113,oaxaca_cheese,Dairy,Dairy,True,False,1
1114,octopus,Seafood,Seafood,False,False,1
1115,offal,Meat,Meat,False,False,1
1116,oil,Fat/Oil,Fat/Oil,True,True,1
1117,okara_powder,Pantry,Pantry,True,True,1
1118,okonomiyaki_sauce,Pantry,Pantry,True,True,1
1119,okra,Vegetable,Vegetable,True,True,1
1120,olive,Vegetable,Vegetable,True,True,1
1121,olive_oil,Fat/Oil,Fat/Oil,True,True,1
1122,olluco,Vegetable,Vegetable,True,True,1
1123,onion,Vegetable,Vegetable,True,True,1
1124,oolong_tea,Beverage,Beverage,True,True,1
1125,orange,Fruit,Fruit,True,True,1
1126,orange_blossom_water,Pantry,Pantry,True,True,1
1127,orange_liqueur,Beverage,Beverage,True,True,1
1128,orange_roughy,Fish,Fish,False,False,1
1129,oregano,Herb,Herb,True,True,1
1130,orgeat,Sweet,Sweet,True,True,1
1131,orris_root,Pantry,Pantry,True,True,1
1132,osmanthus_flower,Herb,Herb,True,True,1
1133,osmanthus_wine,Beverage,Beverage,True,True,1
1134,ouzo,Beverage,Beverage,True,True,1
1135,oyster,Seafood,Seafood,False,False,1
1136,oyster_mushroom,Vegetable,Vegetable,True,True,1
1137,oyster_sauce,Pantry,Pantry,True,True,1
1138,pacific_saury,Fish,Fish,False,False,1
1139,padron_pepper,Vegetable,Vegetable,True,True,1
1140,paederia_foetida,Herb,Herb,True,True,1
1141,pagoda_tree_flower,Herb,Herb,True,True,1
1142,palm_oil,Fat/Oil,Fat/Oil,True,True,1
1143,palm_seed,Pantry,Pantry,True,True,1
1144,palm_sugar,Sweet,Sweet,True,True,1
1145,pan_drippings,Fat/Oil,Fat/Oil,True,True,1
1146,panang_curry_paste,Pantry,Pantry,True,True,1
1147,pancake,Grain,Grain,True,True,1
1148,pancetta,Meat,Meat,False,False,1
1149,panch_phoran,Pantry,Pantry,True,True,1
1150,pandan_leaf,Herb,Herb,True,True,1
1151,paneer,Dairy,Dairy,True,False,1
1152,panela_cheese,Dairy,Dairy,True,False,1
1153,panettone,Bakery,Bakery,True,True,1
1154,pangasius,Fish,Fish,False,False,1
1155,papad,Pantry,Pantry,True,True,1
1156,papaya,Fruit,Fruit,True,True,1
1157,papaya_leaf,Herb,Herb,True,True,1
1158,paprika,Spice,Spice,True,True,1
1159,paratha,Grain,Grain,True,True,1
1160,parmesan_cheese,Dairy,Dairy,True,False,1
1161,parsley,Herb,Herb,True,True,1
1162,parsley_root,Vegetable,Vegetable,True,True,1
1163,parsnip,Vegetable,Vegetable,True,True,1
1164,partridge,Meat,Meat,False,False,1
1165,pasilla_chile,Pantry,Pantry,True,True,1
1166,passion_fruit,Fruit,Fruit,True,True,1
1167,pasta,Grain,Grain,True,True,1
1168,pasta_sauce,Pantry,Pantry,True,True,1
1169,pastila,Sweet,Sweet,True,True,1
1170,pastis,Beverage,Beverage,True,True,1
1171,pastrami,Meat,Meat,False,False,1
1172,pastry,Bakery,Bakery,True,True,1
1173,pate,Meat,Meat,False,False,1
1174,pea,Vegetable,Vegetable,True,True,1
1175,pea_shoot,Vegetable,Vegetable,True,True,1
1176,peach,Fruit,Fruit,True,True,1
1177,peach_gum,Pantry,Pantry,True,True,1
1178,peanut,Legume,Legume,True,True,1
1179,peanut_butter,Legume,Legume,True,True,1
1180,peanut_oil,Fat/Oil,Fat/Oil,True,True,1
1181,peanut_sauce,Pantry,Pantry,True,True,1
1182,pear,Fruit,Fruit,True,True,1
1183,pearl_mushroom,Pantry,Pantry,True,True,1
1184,pecan,Nut/Seed,Nut/Seed,True,True,1
1185,pecorino_cheese,Dairy,Dairy,True,False,1
1186,pectin,Pantry,Pantry,True,True,1
1187,pennywort,Pantry,Pantry,True,True,1
1188,peperomia_pellucida,Pantry,Pantry,True,True,1
1189,pepino_melon,Fruit,Fruit,True,True,1
1190,peppadew_pepper,Vegetable,Vegetable,True,True,1
1191,pepper_jelly,Pantry,Pantry,True,True,1
1192,peppercorn_sauce,Pantry,Pantry,True,True,1
1193,peppermint,Herb,Herb,True,True,1
1194,pepperoncini,Vegetable,Vegetable,True,True,1
1195,pepperoni,Meat,Meat,False,False,1
1196,perch,Fish,Fish,False,False,1
1197,perilla,Herb,Herb,True,True,1
1198,perilla_oil,Fat/Oil,Fat/Oil,True,True,1
1199,periwinkle,Seafood,Seafood,False,False,1
1200,persimmon,Fruit,Fruit,True,True,1
1201,pesto,Pantry,Pantry,True,True,1
1202,petai_bean,Legume,Legume,True,True,1
1203,petis,Pantry,Pantry,True,True,1
1204,pheasant,Meat,Meat,False,False,1
1205,phyllo_dough,Grain,Grain,True,True,1
1206,picada,Pantry,Pantry,True,True,1
1207,pickapeppa_sauce,Pantry,Pantry,True,True,1
1208,pickle_juice,Pantry,Pantry,True,True,1
1209,pickle_relish,Pantry,Pantry,True,True,1
1210,pickled_cucumber,Vegetable,Vegetable,True,True,1
1211,pickled_ginger,Spice,Spice,True,True,1
1212,pickled_mustard_green,Pantry,Pantry,True,True,1
1213,pickled_onion,Vegetable,Vegetable,True,True,1
1214,pickled_radish,Vegetable,Vegetable,True,True,1
1215,pickled_sakura_blossom,Pantry,Pantry,True,True,1
1216,pickled_vegetable,Vegetable,Vegetable,True,True,1
1217,pickling_spice,Spice,Spice,True,True,1
1218,pie_crust,Grain,Grain,True,True,1
1219,pie_filling,Sweet,Sweet,True,True,1
1220,pigeon,Meat,Meat,False,False,1
1221,pigeon_egg,Dairy,Dairy,True,False,1
1222,pigeon_pea,Legume,Legume,True,True,1
1223,pike,Fish,Fish,False,False,1
1224,piloncillo,Sweet,Sweet,True,True,1
1225,pimento,Vegetable,Vegetable,True,True,1
1226,pina_colada_mix,Beverage,Beverage,True,True,1
1227,pine_nut,Nut/Seed,Nut/Seed,True,True,1
1228,pine_pollen,Pantry,Pantry,True,True,1
1229,pineapple,Fruit,Fruit,True,True,1
1230,pink_pepper,Pantry,Pantry,True,True,1
1231,pink_sauce,Pantry,Pantry,True,True,1
1232,pinto_bean,Legume,Legume,True,True,1
1233,pionono,Grain,Grain,True,True,1
1234,piquante_sauce,Pantry,Pantry,True,True,1
1235,piquillo_pepper,Vegetable,Vegetable,True,True,1
1236,piri_piri,Spice,Spice,True,True,1
1237,pisco,Beverage,Beverage,True,True,1
1238,pistachio,Nut/Seed,Nut/Seed,True,True,1
1239,pistachio_oil,Fat/Oil,Fat/Oil,True,True,1
1240,pita_bread,Grain,Grain,True,True,1
1241,pizza_crust,Grain,Grain,True,True,1
1242,pizza_sauce,Pantry,Pantry,True,True,1
1243,plant_based_cheese,Pantry,Pantry,True,True,1
1244,plant_based_cream,Pantry,Pantry,True,True,1
1245,plant_based_ham,Pantry,Pantry,True,True,1
1246,plant_based_milk,Beverage,Beverage,True,True,1
1247,plantain,Fruit,Fruit,True,True,1
1248,plum,Fruit,Fruit,True,True,1
1249,plum_sauce,Pantry,Pantry,True,True,1
1250,plum_wine,Beverage,Beverage,True,True,1
1251,pluot,Fruit,Fruit,True,True,1
1252,poblano_pepper,Vegetable,Vegetable,True,True,1
1253,pokeweed,Pantry,Pantry,True,True,1
1254,polenta,Grain,Grain,True,True,1
1255,pollock,Fish,Fish,False,False,1
1256,pomegranate,Fruit,Fruit,True,True,1
1257,pomegranate_molasses,Pantry,Pantry,True,True,1
1258,pomelo,Fruit,Fruit,True,True,1
1259,pomfret,Fish,Fish,False,False,1
1260,pompano,Fish,Fish,False,False,1
1261,ponzu,Pantry,Pantry,True,True,1
1262,poolish,Grain,Grain,True,True,1
1263,poppy_seed,Spice,Spice,True,True,1
1264,porcini_mushroom,Vegetable,Vegetable,True,True,1
1265,pork,Meat,Meat,False,False,1
1266,pork_stock,Pantry,Pantry,True,True,1
1267,port_wine,Beverage,Beverage,True,True,1
1268,portobello_mushroom,Vegetable,Vegetable,True,True,1
1269,potato,Vegetable,Vegetable,True,True,1
1270,poultry_seasoning,Spice,Spice,True,True,1
1271,praline,Sweet,Sweet,True,True,1
1272,preserved_cabbage,Pantry,Pantry,True,True,1
1273,preserved_lemon,Pantry,Pantry,True,True,1
1274,preserved_plum,Fruit,Fruit,True,True,1
1275,pretzel,Grain,Grain,True,True,1
1276,prickly_pear,Fruit,Fruit,True,True,1
1277,prosciutto,Meat,Meat,False,False,1
1278,prosecco,Beverage,Beverage,True,True,1
1279,provolone_cheese,Dairy,Dairy,True,False,1
1280,prune,Fruit,Fruit,True,True,1
1281,psyllium_husk,Pantry,Pantry,True,True,1
1282,pu_erh_tea,Beverage,Beverage,True,True,1
1283,pudding,Sweet,Sweet,True,True,1
1284,puff_pastry,Grain,Grain,True,True,1
1285,puffer_fish,Fish,Fish,False,False,1
1286,pumpkin,Vegetable,Vegetable,True,True,1
1287,pumpkin_leaf,Vegetable,Vegetable,True,True,1
1288,pumpkin_pie_spice,Spice,Spice,True,True,1
1289,pumpkin_seed,Nut/Seed,Nut/Seed,True,True,1
1290,pumpkin_seed_oil,Fat/Oil,Fat/Oil,True,True,1
1291,punch,Pantry,Pantry,True,True,1
1292,purple_gynura,Vegetable,Vegetable,True,True,1
1293,purple_sweet_potato,Vegetable,Vegetable,True,True,1
1294,purple_yam,Pantry,Pantry,True,True,1
1295,purslane,Vegetable,Vegetable,True,True,1
1296,puzi_leaf,Pantry,Pantry,True,True,1
1297,qingbu_liang,Pantry,Pantry,True,True,1
1298,qingjiang_fish,Fish,Fish,False,False,1
1299,qingtou_mushroom,Pantry,Pantry,True,True,1
1300,quail,Meat,Meat,False,False,1
1301,quail_egg,Dairy,Dairy,True,False,1
1302,quark,Dairy,Dairy,True,False,1
1303,queso_anejo,Dairy,Dairy,True,False,1
1304,queso_blanco,Dairy,Dairy,True,False,1
1305,queso_fresco,Dairy,Dairy,True,False,1
1306,quince,Fruit,Fruit,True,True,1
1307,quince_paste,Fruit,Fruit,True,True,1
1308,quinoa,Grain,Grain,True,True,1
1309,quorn,Pantry,Pantry,True,True,1
1310,rabbit,Meat,Meat,False,False,1
1311,raclette_cheese,Dairy,Dairy,True,False,1
1312,radicchio,Vegetable,Vegetable,True,True,1
1313,radish,Vegetable,Vegetable,True,True,1
1314,radish_cake,Vegetable,Vegetable,True,True,1
1315,ragi,Pantry,Pantry,True,True,1
1316,raisin,Fruit,Fruit,True,True,1
1317,raita,Dairy,Dairy,True,False,1
1318,rakkyo,Vegetable,Vegetable,True,True,1
1319,rambutan,Fruit,Fruit,True,True,1
1320,ramen_noodle,Grain,Grain,True,True,1
1321,ramp,Vegetable,Vegetable,True,True,1
1322,ranch_dressing,Fat/Oil,Fat/Oil,True,True,1
1323,rapeseed,Nut/Seed,Nut/Seed,True,True,1
1324,ras_el_hanout,Spice,Spice,True,True,1
1325,raspberry,Fruit,Fruit,True,True,1
1326,ravioli,Grain,Grain,True,True,1
1327,ray,Pantry,Pantry,True,True,1
1328,razor_clam,Seafood,Seafood,False,False,1
1329,red_bean,Legume,Legume,True,True,1
1330,red_bean_paste,Legume,Legume,True,True,1
1331,red_currant,Fruit,Fruit,True,True,1
1332,red_curry_paste,Spice,Spice,True,True,1
1333,red_date,Fruit,Fruit,True,True,1
1334,red_drum,Fish,Fish,False,False,1
1335,red_hots,Pantry,Pantry,True,True,1
1336,red_leicester_cheese,Pantry,Pantry,True,True,1
1337,red_onion,Vegetable,Vegetable,True,True,1
1338,red_pepper,Vegetable,Vegetable,True,True,1
1339,red_rice,Grain,Grain,True,True,1
1340,red_snapper,Fish,Fish,False,False,1
1341,red_wine,Beverage,Beverage,True,True,1
1342,red_wine_vinegar,Pantry,Pantry,True,True,1
1343,red_yeast,Pantry,Pantry,True,True,1
1344,reed_leaf,Pantry,Pantry,True,True,1
1345,refried_beans,Legume,Legume,True,True,1
1346,remoulade_sauce,Pantry,Pantry,True,True,1
1347,rhubarb,Vegetable,Vegetable,True,True,1
1348,rice,Grain,Grain,True,True,1
1349,rice_bran_oil,Fat/Oil,Fat/Oil,True,True,1
1350,rice_cake,Grain,Grain,True,True,1
1351,rice_milk,Beverage,Beverage,True,True,1
1352,rice_noodle,Grain,Grain,True,True,1
1353,rice_paddy_herb,Pantry,Pantry,True,True,1
1354,rice_paper,Grain,Grain,True,True,1
1355,rice_tofu,Grain,Grain,True,True,1
1356,rice_vinegar,Pantry,Pantry,True,True,1
1357,rice_wine,Beverage,Beverage,True,True,1
1358,ricotta_cheese,Dairy,Dairy,True,False,1
1359,ricotta_salata,Dairy,Dairy,True,False,1
1360,robiola_cheese,Dairy,Dairy,True,False,1
1361,rock_sugar,Sweet,Sweet,True,True,1
1362,rock_tripe,Vegetable,Vegetable,True,True,1
1363,rockfish,Fish,Fish,False,False,1
1364,rocoto_pepper,Spice,Spice,True,True,1
1365,romanesco,Vegetable,Vegetable,True,True,1
1366,romano_cheese,Dairy,Dairy,True,False,1
1367,romesco_sauce,Pantry,Pantry,True,True,1
1368,rompope,Beverage,Beverage,True,True,1
1369,rooibos_tea,Beverage,Beverage,True,True,1
1370,root_beer,Beverage,Beverage,True,True,1
1371,roquefort_cheese,Dairy,Dairy,True,False,1
1372,rose_syrup,Pantry,Pantry,True,True,1
1373,rose_wine,Beverage,Beverage,True,True,1
1374,rosehip,Pantry,Pantry,True,True,1
1375,rosemary,Herb,Herb,True,True,1
1376,rosewater,Pantry,Pantry,True,True,1
1377,roti,Grain,Grain,True,True,1
1378,rouille,Pantry,Pantry,True,True,1
1379,roux,Pantry,Pantry,True,True,1
1380,rowan_berry,Fruit,Fruit,True,True,1
1381,royal_icing,Sweet,Sweet,True,True,1
1382,rum,Beverage,Beverage,True,True,1
1383,rusk,Grain,Grain,True,True,1
1384,rutabaga,Vegetable,Vegetable,True,True,1
1385,ryazhenka,Dairy,Dairy,True,False,1
1386,rye,Pantry,Pantry,True,True,1
1387,rye_bread,Grain,Grain,True,True,1
1388,sachima,Sweet,Sweet,True,True,1
1389,safflower,Pantry,Pantry,True,True,1
1390,safflower_oil,Fat/Oil,Fat/Oil,True,True,1
1391,saffron,Spice,Spice,True,True,1
1392,sage,Herb,Herb,True,True,1
1393,sago,Grain,Grain,True,True,1
1394,sake,Beverage,Beverage,True,True,1
1395,salad_cream,Pantry,Pantry,True,True,1
1396,salad_dressing,Pantry,Pantry,True,True,1
1397,salad_greens,Vegetable,Vegetable,True,True,1
1398,salam_leaf,Pantry,Pantry,True,True,1
1399,salami,Meat,Meat,False,False,1
1400,salep,Pantry,Pantry,True,True,1
1401,salmon,Fish,Fish,False,False,1
1402,salmon_roe,Fish,Fish,False,False,1
1403,salsa,Pantry,Pantry,True,True,1
1404,salsa_verde,Pantry,Pantry,True,True,1
1405,salsify,Vegetable,Vegetable,True,True,1
1406,salt,Pantry,Pantry,True,True,1
1407,salt_cod,Fish,Fish,False,False,1
1408,salt_pork,Meat,Meat,False,False,1
1409,salted_duck_egg,Dairy,Dairy,True,False,1
1410,sambal,Pantry,Pantry,True,True,1
1411,sambal_oelek,Pantry,Pantry,True,True,1
1412,sambar_powder,Spice,Spice,True,True,1
1413,sambuca,Beverage,Beverage,True,True,1
1414,sand_ginger,Spice,Spice,True,True,1
1415,sand_worm,Seafood,Seafood,False,False,1
1416,sangria,Beverage,Beverage,True,True,1
1417,sansho_pepper,Spice,Spice,True,True,1
1418,sanzi,Grain,Grain,True,True,1
1419,sardine,Fish,Fish,False,False,1
1420,saskatoon_berry,Fruit,Fruit,True,True,1
1421,sau_fruit,Pantry,Pantry,True,True,1
1422,sauerkraut,Vegetable,Vegetable,True,True,1
1423,sausage,Meat,Meat,False,False,1
1424,sauternes,Beverage,Beverage,True,True,1
1425,savory,Herb,Herb,True,True,1
1426,sazon,Spice,Spice,True,True,1
1427,scad,Pantry,Pantry,True,True,1
1428,scallion,Vegetable,Vegetable,True,True,1
1429,scallion_oil,Fat/Oil,Fat/Oil,True,True,1
1430,scallop,Seafood,Seafood,False,False,1
1431,scamorza,Pantry,Pantry,True,True,1
1432,schisandra_berry,Fruit,Fruit,True,True,1
1433,schnapps,Beverage,Beverage,True,True,1
1434,scotch_bonnet_pepper,Vegetable,Vegetable,True,True,1
1435,sea_bass,Fish,Fish,False,False,1
1436,sea_bream,Fish,Fish,False,False,1
1437,sea_buckthorn,Fruit,Fruit,True,True,1
1438,sea_coconut,Fruit,Fruit,True,True,1
1439,sea_cucumber,Seafood,Seafood,False,False,1
1440,sea_grape,Pantry,Pantry,True,True,1
1441,sea_hare,Seafood,Seafood,False,False,1
1442,sea_lettuce,Seafood,Seafood,False,False,1
1443,sea_moss,Seafood,Seafood,False,False,1
1444,sea_snail,Seafood,Seafood,False,False,1
1445,sea_urchin,Seafood,Seafood,False,False,1
1446,seafood,Seafood,Seafood,False,False,1
1447,seafood_sauce,Pantry,Pantry,True,True,1
1448,seafood_seasoning,Spice,Spice,True,True,1
1449,seafood_stock,Pantry,Pantry,True,True,1
1450,seasoning_sauce,Pantry,Pantry,True,True,1
1451,seaweed,Seafood,Seafood,False,False,1
1452,semolina,Grain,Grain,True,True,1
1453,senbei,Grain,Grain,True,True,1
1454,serrano_ham,Meat,Meat,False,False,1
1455,serrano_pepper,Vegetable,Vegetable,True,True,1
1456,sesame_oil,Fat/Oil,Fat/Oil,True,True,1
1457,sesame_paste,Nut/Seed,Nut/Seed,True,True,1
1458,sesame_seed,Nut/Seed,Nut/Seed,True,True,1
1459,sev,Pantry,Pantry,True,True,1
1460,shacha_sauce,Pantry,Pantry,True,True,1
1461,shallot,Vegetable,Vegetable,True,True,1
1462,shaobing,Grain,Grain,True,True,1
1463,shaoxing_wine,Beverage,Beverage,True,True,1
1464,shark,Fish,Fish,False,False,1
1465,shark_fin,Fish,Fish,False,False,1
1466,shellfish,Seafood,Seafood,False,False,1
1467,shepherds_purse,Vegetable,Vegetable,True,True,1
1468,sherbet,Sweet,Sweet,True,True,1
1469,sherry,Beverage,Beverage,True,True,1
1470,sherry_vinegar,Pantry,Pantry,True,True,1
1471,shichimi_togarashi,Spice,Spice,True,True,1
1472,shiitake_mushroom,Vegetable,Vegetable,True,True,1
1473,shio_koji,Pantry,Pantry,True,True,1
1474,shirasu,Fish,Fish,False,False,1
1475,shirataki_noodle,Pantry,Pantry,True,True,1
1476,shochu,Beverage,Beverage,True,True,1
1477,shortcake,Grain,Grain,True,True,1
1478,shortening,Fat/Oil,Fat/Oil,True,True,1
1479,shrimp,Seafood,Seafood,False,False,1
1480,shrimp_mushroom,Vegetable,Vegetable,True,True,1
1481,shrimp_paste,Seafood,Seafood,False,False,1
1482,sichuan_peppercorn,Spice,Spice,True,True,1
1483,silkworm_pupa,Pantry,Pantry,True,True,1
1484,simit,Pantry,Pantry,True,True,1
1485,skate,Fish,Fish,False,False,1
1486,smelt,Fish,Fish,False,False,1
1487,smoked_cheese,Dairy,Dairy,True,False,1
1488,smoked_meat,Meat,Meat,False,False,1
1489,smoked_paprika,Spice,Spice,True,True,1
1490,smoked_salmon,Fish,Fish,False,False,1
1491,smoked_salt,Pantry,Pantry,True,True,1
1492,snail,Meat,Meat,False,False,1
1493,snail_rice_noodle,Pantry,Pantry,True,True,1
1494,snake,Pantry,Pantry,True,True,1
1495,snake_gourd,Vegetable,Vegetable,True,True,1
1496,snakehead_fish,Fish,Fish,False,False,1
1497,snow_fungus,Vegetable,Vegetable,True,True,1
1498,snow_pea,Vegetable,Vegetable,True,True,1
1499,snow_vegetable,Vegetable,Vegetable,True,True,1
1500,sobrasada,Pantry,Pantry,True,True,1
1501,sofrito,Pantry,Pantry,True,True,1
1502,soju,Beverage,Beverage,True,True,1
1503,sole,Fish,Fish,False,False,1
1504,somen_noodle,Grain,Grain,True,True,1
1505,soppressata,Meat,Meat,False,False,1
1506,sorghum,Grain,Grain,True,True,1
1507,sorghum_syrup,Sweet,Sweet,True,True,1
1508,sorrel,Herb,Herb,True,True,1
1509,sour_bamboo_shoot,Vegetable,Vegetable,True,True,1
1510,sour_broth,Pantry,Pantry,True,True,1
1511,sour_cream,Dairy,Dairy,True,False,1
1512,sour_mix,Beverage,Beverage,True,True,1
1513,soursop,Fruit,Fruit,True,True,1
1514,southern_comfort,Beverage,Beverage,True,True,1
1515,soy_milk,Beverage,Beverage,True,True,1
1516,soy_protein_isolate,Legume,Legume,True,True,1
1517,soy_sauce,Pantry,Pantry,True,True,1
1518,soy_yogurt,Legume,Legume,True,True,1
1519,soybean,Legume,Legume,True,True,1
1520,soybean_oil,Fat/Oil,Fat/Oil,True,True,1
1521,soybean_paste,Legume,Legume,True,True,1
1522,soybean_sprout,Pantry,Pantry,True,True,1
1523,spaetzle,Grain,Grain,True,True,1
1524,sparkling_water,Beverage,Beverage,True,True,1
1525,sparkling_wine,Beverage,Beverage,True,True,1
1526,speck,Meat,Meat,False,False,1
1527,speculoos_cookie,Pantry,Pantry,True,True,1
1528,spelt,Grain,Grain,True,True,1
1529,spice_mix,Spice,Spice,True,True,1
1530,spinach,Vegetable,Vegetable,True,True,1
1531,spirulina,Vegetable,Vegetable,True,True,1
1532,sponge_cake,Grain,Grain,True,True,1
1533,sprat,Fish,Fish,False,False,1
1534,spring_roll,Pantry,Pantry,True,True,1
1535,spring_roll_wrapper,Grain,Grain,True,True,1
1536,sprinkles,Sweet,Sweet,True,True,1
1537,squash,Vegetable,Vegetable,True,True,1
1538,squash_blossom,Vegetable,Vegetable,True,True,1
1539,squid,Seafood,Seafood,False,False,1
1540,squid_ink,Seafood,Seafood,False,False,1
1541,squirrel,Meat,Meat,False,False,1
1542,sriracha,Pantry,Pantry,True,True,1
1543,ssamjang,Pantry,Pantry,True,True,1
1544,star_anise,Spice,Spice,True,True,1
1545,starch,Pantry,Pantry,True,True,1
1546,starfruit,Fruit,Fruit,True,True,1
1547,steak_sauce,Pantry,Pantry,True,True,1
1548,steamed_bun,Grain,Grain,True,True,1
1549,stevia,Sweet,Sweet,True,True,1
1550,stilton_cheese,Dairy,Dairy,True,False,1
1551,stinky_mandarin_fish,Fish,Fish,False,False,1
1552,stinky_tofu,Legume,Legume,True,True,1
1553,stir_fry_sauce,Pantry,Pantry,True,True,1
1554,stout,Beverage,Beverage,True,True,1
1555,stracchino_cheese,Dairy,Dairy,True,False,1
1556,straw_mushroom,Vegetable,Vegetable,True,True,1
1557,strawberry,Fruit,Fruit,True,True,1
1558,strega_liqueur,Beverage,Beverage,True,True,1
1559,sturgeon,Fish,Fish,False,False,1
1560,sucuk,Meat,Meat,False,False,1
1561,suet,Fat/Oil,Fat/Oil,True,True,1
1562,sugar,Sweet,Sweet,True,True,1
1563,sugar_snap_pea,Vegetable,Vegetable,True,True,1
1564,sugarcane,Sweet,Sweet,True,True,1
1565,sukiyaki_sauce,Pantry,Pantry,True,True,1
1566,sulguni_cheese,Dairy,Dairy,True,False,1
1567,sumac,Spice,Spice,True,True,1
1568,summer_sausage,Meat,Meat,False,False,1
1569,sun_dried_tomato,Vegetable,Vegetable,True,True,1
1570,sunfish,Fish,Fish,False,False,1
1571,sunflower_oil,Fat/Oil,Fat/Oil,True,True,1
1572,sunflower_seed,Nut/Seed,Nut/Seed,True,True,1
1573,superior_stock,Pantry,Pantry,True,True,1
1574,sushi_vinegar,Pantry,Pantry,True,True,1
1575,sushki,Grain,Grain,True,True,1
1576,sweet_and_sour_sauce,Pantry,Pantry,True,True,1
1577,sweet_bean_sauce,Pantry,Pantry,True,True,1
1578,sweet_chili_sauce,Pantry,Pantry,True,True,1
1579,sweet_potato,Vegetable,Vegetable,True,True,1
1580,sweet_potato_leaf,Pantry,Pantry,True,True,1
1581,sweet_potato_starch,Grain,Grain,True,True,1
1582,sweet_preserved_mustard_green,Pantry,Pantry,True,True,1
1583,sweet_roll,Sweet,Sweet,True,True,1
1584,sweet_soy_sauce,Pantry,Pantry,True,True,1
1585,sweet_vermouth,Beverage,Beverage,True,True,1
1586,sweetbread,Meat,Meat,False,False,1
1587,swiss_chard,Vegetable,Vegetable,True,True,1
1588,swiss_cheese,Dairy,Dairy,True,False,1
1589,swiss_roll,Sweet,Sweet,True,True,1
1590,sword_bean,Legume,Legume,True,True,1
1591,swordfish,Fish,Fish,False,False,1
1592,syrup,Sweet,Sweet,True,True,1
1593,ta_cai,Vegetable,Vegetable,True,True,1
1594,tabasco_pepper,Spice,Spice,True,True,1
1595,taco_sauce,Pantry,Pantry,True,True,1
1596,taco_seasoning,Spice,Spice,True,True,1
1597,taco_shell,Grain,Grain,True,True,1
1598,tahini,Nut/Seed,Nut/Seed,True,True,1
1599,tajin,Spice,Spice,True,True,1
1600,taleggio_cheese,Dairy,Dairy,True,False,1
1601,tallow,Pantry,Pantry,True,True,1
1602,tamale,Grain,Grain,True,True,1
1603,tamari,Pantry,Pantry,True,True,1
1604,tamarillo,Fruit,Fruit,True,True,1
1605,tamarind,Fruit,Fruit,True,True,1
1606,tandoori_masala,Spice,Spice,True,True,1
1607,tangelo,Fruit,Fruit,True,True,1
1608,tangerine,Fruit,Fruit,True,True,1
1609,tapenade,Pantry,Pantry,True,True,1
1610,tapioca,Grain,Grain,True,True,1
1611,tapioca_pearl,Pantry,Pantry,True,True,1
1612,tarako,Fish,Fish,False,False,1
1613,tarhana,Pantry,Pantry,True,True,1
1614,taro,Vegetable,Vegetable,True,True,1
1615,taro_stem,Vegetable,Vegetable,True,True,1
1616,tarragon,Herb,Herb,True,True,1
1617,tartar_sauce,Pantry,Pantry,True,True,1
1618,tasso,Meat,Meat,False,False,1
1619,tatsoi,Vegetable,Vegetable,True,True,1
1620,tauco,Pantry,Pantry,True,True,1
1621,tea,Beverage,Beverage,True,True,1
1622,tea_tree_mushroom,Vegetable,Vegetable,True,True,1
1623,teff,Pantry,Pantry,True,True,1
1624,tempeh,Legume,Legume,True,True,1
1625,tempura_flour,Pantry,Pantry,True,True,1
1626,tenkasu,Pantry,Pantry,True,True,1
1627,tequila,Beverage,Beverage,True,True,1
1628,teriyaki_sauce,Pantry,Pantry,True,True,1
1629,termite_mushroom,Vegetable,Vegetable,True,True,1
1630,textured_soy_protein,Legume,Legume,True,True,1
1631,thai_basil,Herb,Herb,True,True,1
1632,thai_tea,Pantry,Pantry,True,True,1
1633,thousand_island_dressing,Pantry,Pantry,True,True,1
1634,thyme,Herb,Herb,True,True,1
1635,tiger_milk_mushroom,Vegetable,Vegetable,True,True,1
1636,tikka_masala,Pantry,Pantry,True,True,1
1637,tilapia,Fish,Fish,False,False,1
1638,tkemali_sauce,Pantry,Pantry,True,True,1
1639,toffee,Sweet,Sweet,True,True,1
1640,tofu,Legume,Legume,True,True,1
1641,tofu_pudding,Legume,Legume,True,True,1
1642,tofu_skin,Legume,Legume,True,True,1
1643,tom_yum_paste,Pantry,Pantry,True,True,1
1644,tomatillo,Vegetable,Vegetable,True,True,1
1645,tomato,Vegetable,Vegetable,True,True,1
1646,tonguefish,Pantry,Pantry,True,True,1
1647,tonic_water,Beverage,Beverage,True,True,1
1648,tonka_bean,Spice,Spice,True,True,1
1649,tonkatsu_sauce,Pantry,Pantry,True,True,1
1650,toor_dal,Legume,Legume,True,True,1
1651,topmouth_culter,Fish,Fish,False,False,1
1652,tortellini,Grain,Grain,True,True,1
1653,tortilla,Grain,Grain,True,True,1
1654,trehalose,Sweet,Sweet,True,True,1
1655,triple_sec,Beverage,Beverage,True,True,1
1656,trout,Fish,Fish,False,False,1
1657,truffle_oil,Fat/Oil,Fat/Oil,True,True,1
1658,tsao_ko,Spice,Spice,True,True,1
1659,tteokbokki_sauce,Pantry,Pantry,True,True,1
1660,tulum_cheese,Pantry,Pantry,True,True,1
1661,tuna,Fish,Fish,False,False,1
1662,turbot,Fish,Fish,False,False,1
1663,turkey,Meat,Meat,False,False,1
1664,turkey_sausage,Meat,Meat,False,False,1
1665,turkey_stock,Meat,Meat,False,False,1
1666,turkish_delight,Pantry,Pantry,True,True,1
1667,turmeric,Spice,Spice,True,True,1
1668,turmeric_leaf,Herb,Herb,True,True,1
1669,turnip,Vegetable,Vegetable,True,True,1
1670,turnip_green,Pantry,Pantry,True,True,1
1671,turtle,Pantry,Pantry,True,True,1
1672,tzatziki,Dairy,Dairy,True,False,1
1673,udon_noodle,Grain,Grain,True,True,1
1674,umami_sauce,Pantry,Pantry,True,True,1
1675,ume,Fruit,Fruit,True,True,1
1676,umeboshi,Fruit,Fruit,True,True,1
1677,umeboshi_vinegar,Pantry,Pantry,True,True,1
1678,unagi_kabayaki,Pantry,Pantry,True,True,1
1679,unagi_sauce,Pantry,Pantry,True,True,1
1680,urad_dal,Legume,Legume,True,True,1
1681,utskho_suneli,Spice,Spice,True,True,1
1682,vadouvan,Spice,Spice,True,True,1
1683,vanilla,Spice,Spice,True,True,1
1684,veal,Meat,Meat,False,False,1
1685,vegemite,Pantry,Pantry,True,True,1
1686,vegeta_seasoning,Spice,Spice,True,True,1
1687,vegetable_extract,Pantry,Pantry,True,True,1
1688,vegetable_juice,Beverage,Beverage,True,True,1
1689,vegetable_oil,Fat/Oil,Fat/Oil,True,True,1
1690,vegetable_puree,Vegetable,Vegetable,True,True,1
1691,vegetable_stock,Pantry,Pantry,True,True,1
1692,vegetarian_oyster_sauce,Pantry,Pantry,True,True,1
1693,velveeta_cheese,Pantry,Pantry,True,True,1
1694,venison,Meat,Meat,False,False,1
1695,verjuice,Pantry,Pantry,True,True,1
1696,vermicelli,Grain,Grain,True,True,1
1697,vermouth,Beverage,Beverage,True,True,1
1698,viburnum,Fruit,Fruit,True,True,1
1699,vienna_sausage,Meat,Meat,False,False,1
1700,vietnamese_balm,Pantry,Pantry,True,True,1
1701,vietnamese_coriander,Herb,Herb,True,True,1
1702,vietnamese_pork_roll,Pantry,Pantry,True,True,1
1703,vin_santo,Beverage,Beverage,True,True,1
1704,vinaigrette,Fat/Oil,Fat/Oil,True,True,1
1705,vinegar,Pantry,Pantry,True,True,1
1706,violet,Pantry,Pantry,True,True,1
1707,vodka,Beverage,Beverage,True,True,1
1708,wafer,Grain,Grain,True,True,1
1709,waffle,Grain,Grain,True,True,1
1710,wakame,Seafood,Seafood,False,False,1
1711,walleye,Fish,Fish,False,False,1
1712,walnut,Nut/Seed,Nut/Seed,True,True,1
1713,walnut_oil,Fat/Oil,Fat/Oil,True,True,1
1714,wampee,Fruit,Fruit,True,True,1
1715,wasabi,Spice,Spice,True,True,1
1716,water,Beverage,Beverage,True,True,1
1717,water_bamboo,Vegetable,Vegetable,True,True,1
1718,water_celery,Vegetable,Vegetable,True,True,1
1719,water_chestnut,Vegetable,Vegetable,True,True,1
1720,water_lily_flower,Pantry,Pantry,True,True,1
1721,water_mimosa,Pantry,Pantry,True,True,1
1722,water_shield,Vegetable,Vegetable,True,True,1
1723,water_spinach,Vegetable,Vegetable,True,True,1
1724,watercress,Vegetable,Vegetable,True,True,1
1725,watermelon,Fruit,Fruit,True,True,1
1726,watermelon_radish,Vegetable,Vegetable,True,True,1
1727,wax_apple,Fruit,Fruit,True,True,1
1728,weipa,Pantry,Pantry,True,True,1
1729,wheat,Grain,Grain,True,True,1
1730,wheat_germ,Grain,Grain,True,True,1
1731,wheat_gluten,Pantry,Pantry,True,True,1
1732,whelk,Seafood,Seafood,False,False,1
1733,whey,Dairy,Dairy,True,False,1
1734,whipped_topping,Dairy,Dairy,True,False,1
1735,whiskey,Beverage,Beverage,True,True,1
1736,white_bean,Legume,Legume,True,True,1
1737,white_chocolate,Sweet,Sweet,True,True,1
1738,white_pepper,Spice,Spice,True,True,1
1739,white_soy_sauce,Pantry,Pantry,True,True,1
1740,white_tea,Beverage,Beverage,True,True,1
1741,white_truffle,Vegetable,Vegetable,True,True,1
1742,white_vinegar,Pantry,Pantry,True,True,1
1743,white_wine,Beverage,Beverage,True,True,1
1744,white_wine_vinegar,Pantry,Pantry,True,True,1
1745,whitebait,Fish,Fish,False,False,1
1746,whitefish,Fish,Fish,False,False,1
1747,whiting,Fish,Fish,False,False,1
1748,whole_wheat_flour,Grain,Grain,True,True,1
1749,wild_betel_leaf,Pantry,Pantry,True,True,1
1750,wild_boar,Meat,Meat,False,False,1
1751,wild_garlic,Herb,Herb,True,True,1
1752,wild_ginger,Pantry,Pantry,True,True,1
1753,wild_rice,Grain,Grain,True,True,1
1754,wine,Beverage,Beverage,True,True,1
1755,wine_lees,Beverage,Beverage,True,True,1
1756,winged_bean,Legume,Legume,True,True,1
1757,winter_melon,Vegetable,Vegetable,True,True,1
1758,wintergreen,Pantry,Pantry,True,True,1
1759,wisteria_flower,Pantry,Pantry,True,True,1
1760,wolfberry_leaf,Vegetable,Vegetable,True,True,1
1761,wolffish,Fish,Fish,False,False,1
1762,wonton,Grain,Grain,True,True,1
1763,wood_ear_mushroom,Vegetable,Vegetable,True,True,1
1764,worcestershire_sauce,Pantry,Pantry,True,True,1
1765,wuchang_fish,Fish,Fish,False,False,1
1766,xanthan_gum,Pantry,Pantry,True,True,1
1767,xo_sauce,Pantry,Pantry,True,True,1
1768,xylitol,Sweet,Sweet,True,True,1
1769,yacon,Vegetable,Vegetable,True,True,1
1770,yak_meat,Meat,Meat,False,False,1
1771,yakiniku_sauce,Pantry,Pantry,True,True,1
1772,yakisoba_sauce,Pantry,Pantry,True,True,1
1773,yam,Vegetable,Vegetable,True,True,1
1774,yard_long_bean,Vegetable,Vegetable,True,True,1
1775,yeast,Pantry,Pantry,True,True,1
1776,yellow_croaker,Fish,Fish,False,False,1
1777,yellow_curry_paste,Pantry,Pantry,True,True,1
1778,yibin_yacai,Vegetable,Vegetable,True,True,1
1779,yogurt,Dairy,Dairy,True,False,1
1780,youtiao,Grain,Grain,True,True,1
1781,yu_choy,Pantry,Pantry,True,True,1
1782,yufka,Grain,Grain,True,True,1
1783,yuzu,Fruit,Fruit,True,True,1
1784,yuzu_kosho,Pantry,Pantry,True,True,1
1785,zaatar,Spice,Spice,True,True,1
1786,zao_lu,Beverage,Beverage,True,True,1
1787,zha_cai,Vegetable,Vegetable,True,True,1
1788,zhajiang_sauce,Pantry,Pantry,True,True,1
1789,zucchini,Vegetable,Vegetable,True,True,1
1790,zucchini_flower,Pantry,Pantry,True,True,1
